Order_ID,Customer_ID,Order_Date,Region,Category,Product,Sales,Cost,Discount,Shipping_Days,Customer_Age,Payment_Method,Returned
O00001,C1114,2025-11-06,East,Furniture,Desk,1161.76,1037.63,10,2,45,Card,No
O00002,C1186,2025-10-04,North,Office,Pen,1835.74,1581.68,25,1,48,Card,No
O00003,C1090,2025-07-21,South,Furniture,Chair,701.06,309.03,50,8,49,Cash,Yes
O00004,C1161,2025-12-13,North,Electronics,Laptop,518.03,332.4,40,10,24,Card,Yes
O00005,C1103,2025-11-28,South,Furniture,Desk,298.7,275.11,30,9,150,Bank Transfer,Yes
O00006,C1037,2025-10-30,North,Electronics,Headphones,1894.03,1443.89,10,8,63,PayPal,Yes
O00007,C1092,2025-03-01,West,Furniture,Chair,1249.16,903.99,5,7,38,Bank Transfer,Yes
O00008,C1111,2025-11-27,East,Electronics,Laptop,1184.11,763.7,25,4,43,PayPal,Yes
O00009,C1026,2025-09-29,East,Electronics,Headphones,1391,768.96,5,1,43,Bank Transfer,No
O00010,C1077,2025-03-01,South,Office,Pen,1352.65,1046.06,15,10,67,Cash,No
O00011,C1183,2025-10-19,West,Furniture,Shelf,1901.76,1438.04,25,2,62,Bank Transfer,Yes
O00012,C1178,2025-12-01,East,Electronics,Headphones,368.44,232.3,50,3,67,Cash,No
O00013,C1044,2025-01-01,West,Office,Pen,1684.27,1045.22,15,2,52,Cash,Yes
O00014,C1029,2025-05-27,South,Office,Printer,469.47,396.48,15,5,24,Card,Yes
O00015,C1189,2025-05-28,North,Electronics,,885.08,476.09,10,9,74,Cash,Yes
O00016,C1119,2025-11-03,South,Office,Printer,1424.48,1023.33,10,3,27,Bank Transfer,Yes
O00017,C1095,2025-08-14,East,Electronics,Headphones,672.8,625.29,0,3,72,Cash,No
O00018,C1096,2025-05-05,North,Furniture,Shelf,1522.84,1427.52,25,4,25,Cash,No
O00019,C1085,2025-07-30,North,Furniture,Chair,865.29,641.08,0,6,75,Card,Yes
O00020,C1111,2025-08-15,North,Electronics,Headphones,207.06,181.21,30,7,68,Bank Transfer,No
O00021,C1080,2025-09-08,East,Office,Paper,1119.28,927.56,50,9,56,Card,No
O00022,C1119,2025-09-28,East,Electronics,Headphones,1101.82,797.97,25,3,48,Card,Yes
O00023,C1174,2025-07-23,South,Electronics,Phone,-440.03,340.12,25,8,46,PayPal,No
O00024,C1028,2025-05-19,North,Furniture,Desk,1542.09,1226.84,25,8,27,Bank Transfer,Yes
O00025,C1108,2025-02-08,East,Office,Printer,1172.96,640.98,25,3,34,Bank Transfer,No
O00026,C1138,2025-11-01,West,Office,Pen,1678.09,1128.13,10,8,52,Bank Transfer,Yes
O00027,C1133,2025-01-11,North,Furniture,Desk,315.6,200.4,5,1,43,Cash,No
O00028,C1103,2025-01-04,North,Electronics,Headphones,933.98,379.73,10,9,71,Cash,No
O00029,C1000,2025-07-15,West,Electronics,Laptop,1792.23,744.38,40,8,38,Cash,No
O00030,C1085,2025-09-24,South,Office,Printer,873.09,779.63,15,6,64,Cash,No
O00031,C1180,2025-11-02,South,Electronics,Headphones,335.44,186.8,25,8,44,PayPal,Yes
O00032,C1114,26/08/2025,South,Office,Printer,-1853.32,1143.07,20,8,60,Card,Yes
O00033,C1147,2025-05-31,South,Office,Pen,1448.67,866.79,5,3,25,Bank Transfer,No
O00034,C1193,2025-02-13,East,Furniture,Shelf,1822.07,1088.81,0,3,18,Cash,No
O00035,C1003,2025-05-29,West,Electronics,Laptop,1398.71,901.22,25,3,34,Cash,Yes
O00036,C1085,2025-12-27,West,Furniture,Chair,645.55,391.11,30,7,42,Cash,No
O00037,C1016,2025-09-26,South,Electronics,Laptop,912.59,778.07,25,10,60,Bank Transfer,Yes
O00038,C1152,2025-10-20,East,Electronics,Laptop,993.29,588.56,15,4,40,Card,No
O00039,C1033,2025-05-03,South,Electronics,Phone,1063.11,579.68,5,7,37,Cash,No
O00040,C1029,2025-01-21,West,Furniture,Chair,1890.64,1650.71,5,1,42,Card,No
O00041,C1188,2025-07-05,North,Office,Printer,1676.56,1285.31,15,5,73,Bank Transfer,No
O00042,C1156,2025-08-22,South,Furniture,Desk,50.33,34.59,0,5,69,Bank Transfer,No
O00043,C1081,2025-12-20,West,Office,Printer,1021.34,716.6,0,10,67,Cash,No
O00044,C1108,2025-12-29,West,Electronics,Laptop,1006.4,703.42,15,5,53,Bank Transfer,No
O00045,C1087,2025-05-25,East,Furniture,Chair,1165.3,591.65,20,6,60,Card,Yes
O00046,C1050,2025-10-20,North,Electronics,Phone,1396.16,768.34,50,8,48,PayPal,Yes
O00047,C1128,2025-12-15,East,Office,Paper,1112.01,880.49,40,9,62,Card,No
O00048,C1187,2025-03-08,South,Office,Paper,284.04,195.04,5,7,31,Cash,No
O00049,C1171,2025-09-20,East,Furniture,Chair,1336.85,850.79,5,3,24,Cash,Yes
O00050,C1171,2025-07-16,East,Electronics,Headphones,1144.64,846.67,20,5,49,PayPal,Yes
O00051,C1117,2025-02-01,West,Furniture,Chair,1390.68,1319.67,15,6,75,Card,Yes
O00052,C1030,2025-12-04,West,Office,Pen,546.57,287.58,40,9,47,Cash,Yes
O00053,C1005,2025-05-06,South,Electronics,Laptop,1353.4,876.35,20,6,65,Card,No
O00054,C1165,2025-01-03,North,Furniture,Shelf,276,149.25,25,9,18,Cash,No
O00055,C1131,2025-02-23,West,Office,Paper,1924.69,1351.96,25,1,41,PayPal,No
O00056,C1081,2025-11-10,South,Furniture,Shelf,189.81,149.57,15,9,47,Card,No
O00057,C1116,2025-04-06,West,Electronics,Phone,-1474.02,844.87,5,6,24,PayPal,No
O00058,C1120,2025-08-30,East,Electronics,Phone,1256,908.51,0,7,66,Cash,Yes
O00059,C1009,2025-05-03,East,Electronics,Headphones,1536.31,1019.11,20,8,40,PayPal,Yes
O00060,C1082,2025-06-04,West,Furniture,,797.55,734.52,15,10,23,PayPal,No
O00061,C1097,2025-12-19,West,Furniture,Desk,21.9,12.34,50,6,31,Card,Yes
O00062,C1086,2025-02-11,West,Electronics,Phone,995.3,854.29,5,3,57,Cash,No
O00063,C1136,2025-10-17,South,Furniture,Shelf,450.19,206.29,25,6,50,Cash,No
O00064,C1168,2025-02-11,West,Office,Paper,351.4,177.5,10,8,18,Card,No
O00065,C1012,2025-08-30,West,Furniture,Desk,1700.24,1377.13,50,5,42,PayPal,No
O00066,C1182,2025-03-31,South,Furniture,Shelf,1852.62,1255.42,40,2,55,Bank Transfer,Yes
O00067,C1006,2025-08-03,North,Office,Printer,1086.33,867.08,15,4,34,Card,Yes
O00068,C1102,2025-10-19,North,Electronics,Headphones,1130.76,642.83,0,8,49,Cash,Yes
O00069,C1151,2025-04-26,East,Furniture,Chair,1356.94,995.82,30,7,55,Card,Yes
O00070,C1149,2025-04-14,East,Furniture,Chair,1033.95,571.01,5,6,29,Cash,No
O00071,C1031,2025-08-17,North,Furniture,Desk,1715.06,1364.81,40,8,52,Card,No
O00072,C1129,2025-06-09,East,Electronics,Phone,330.22,225.77,10,3,150,PayPal,No
O00073,C1183,2025-04-29,West,Office,Paper,1056.77,665.49,5,2,19,Bank Transfer,No
O00074,C1055,2025-07-31,West,Furniture,Chair,-338.03,238.39,0,6,60,Card,No
O00075,C1195,2025-11-01,East,Electronics,Phone,1990.94,1425.3,15,3,72,PayPal,Yes
O00076,C1087,2025-07-30,North,Electronics,Phone,1979.54,1435.26,15,10,27,Cash,Yes
O00077,C1156,2025-01-25,North,Electronics,Headphones,1640.12,868.19,15,9,21,Card,No
O00078,C1084,2025-07-07,North,Electronics,Headphones,207.57,153.31,0,5,29,Card,No
O00079,C1198,2025-07-09,West,Furniture,Desk,1016.28,590.1,5,6,72,Cash,Yes
O00080,C1134,2025-02-13,West,Electronics,Phone,1803.46,1539.68,15,8,65,Cash,Yes
O00081,C1120,2025-02-07,West,Office,Pen,33.87,21.91,5,7,51,Cash,Yes
O00082,C1002,2025-07-03,West,Office,Printer,1719.05,1627.17,30,4,41,Cash,No
O00083,C1108,2025-05-19,East,Office,Paper,1173.65,728.02,15,5,57,Bank Transfer,Yes
O00084,C1104,2025-01-27,East,Electronics,Laptop,632.75,418.97,0,4,58,PayPal,Yes
O00085,C1031,2025-05-30,North,Electronics,Headphones,1775.38,1196.87,40,10,53,PayPal,Yes
O00086,C1099,2025-06-01,West,Office,Pen,209.51,101.32,40,9,27,Cash,Yes
O00087,C1135,2025-03-03,North,Furniture,Desk,552.33,384.33,15,4,45,PayPal,No
O00088,C1024,2025-12-02,West,Electronics,Headphones,249.48,193.48,20,2,31,Card,Yes
O00089,C1160,2025-09-18,West,Furniture,Shelf,1191.89,732.62,30,4,43,Card,No
O00090,C1034,2025-04-01,South,Furniture,Chair,367.54,210.41,5,8,74,Cash,No
O00091,C1111,2025-04-19,East,Electronics,Laptop,804.01,726.06,50,5,26,Cash,No
O00092,C1199,2025-02-23,West,Furniture,Desk,621.84,405.97,30,4,34,Cash,Yes
O00093,C1113,2025-08-28,South,Office,Pen,1206.02,1079.17,50,5,67,Cash,Yes
O00094,C1169,2025-10-22,North,Office,Printer,1129.18,566.19,50,10,23,Card,Yes
O00095,C1004,2025-11-24,East,Furniture,Desk,1038.88,621.97,40,5,65,Cash,No
O00096,C1117,2025-05-22,East,Electronics,Laptop,550.86,275.29,40,7,56,Cash,No
O00097,C1077,2025-01-01,West,Furniture,Desk,517.89,415.01,40,6,30,Card,Yes
O00098,C1000,2025-05-11,North,Furniture,Chair,1062.91,678.9,40,10,27,PayPal,No
O00099,C1024,2025-12-21,East,Electronics,Phone,724.45,478.94,50,5,18,PayPal,Yes
O00100,C1185,2025-04-03,West,Office,Paper,1085.93,739.51,50,1,75,Card,No
O00101,C1158,2025-08-02,East,Office,Printer,1150.89,466.47,25,10,150,PayPal,Yes
O00102,C1192,2025-12-06,East,Furniture,Chair,638.33,489.43,15,9,63,Bank Transfer,Yes
O00103,C1062,2025-06-01,West,Electronics,Laptop,1713.8,1441.22,0,10,22,Cash,Yes
O00104,C1072,2025-09-18,East,Electronics,,1004.94,486.16,0,1,30,Cash,Yes
O00105,C1011,2025-08-24,North,Electronics,Phone,462.48,344.76,15,10,48,Cash,Yes
O00106,C1013,2025-05-21,East,Electronics,Phone,696,533.45,5,4,43,PayPal,Yes
O00107,C1019,2025-04-13,South,Furniture,Chair,1304.17,577.43,30,3,73,PayPal,Yes
O00108,C1065,2025-06-02,South,Office,Paper,966.11,678.15,5,8,26,Bank Transfer,Yes
O00109,C1122,2025-04-12,North,Furniture,Chair,395.56,193.63,15,9,58,PayPal,Yes
O00110,C1023,2025-01-29,East,Electronics,Headphones,1758.78,1467.9,20,1,63,Card,No
O00111,C1152,2025-03-13,East,Electronics,Headphones,161.65,111.55,0,2,21,PayPal,No
O00112,C1122,2025-05-12,South,Electronics,Laptop,959.36,669.87,25,7,53,Cash,No
O00113,C1161,2025-04-05,West,Furniture,Shelf,92.23,52.2,10,1,23,Bank Transfer,Yes
O00114,C1004,2025-01-31,East,Electronics,Headphones,109.62,44.67,30,6,18,PayPal,No
O00115,C1088,2025-11-30,South,Furniture,Shelf,45.4,30.86,10,2,59,Bank Transfer,No
O00116,C1116,2025-03-06,West,Furniture,Desk,1085.77,920.18,5,8,50,Cash,Yes
O00117,C1006,2025-05-03,South,Furniture,Chair,466.55,354.56,40,5,55,Cash,No
O00118,C1000,2025-11-13,West,Electronics,Headphones,1803.91,1323.74,15,10,41,Card,Yes
O00119,C1164,2025-06-12,South,Office,Pen,1309.5,768.51,15,1,30,Bank Transfer,Yes
O00120,C1162,2025-09-30,South,Furniture,Shelf,182.66,121.89,50,4,27,Bank Transfer,Yes
O00121,C1139,2025-09-24,West,Furniture,Desk,55.29,30.01,15,7,75,Card,Yes
O00122,C1098,2025-09-08,North,Furniture,Chair,424.41,339.76,15,8,34,Bank Transfer,Yes
O00123,C1098,2025-05-09,South,Furniture,Shelf,903.54,659.87,15,3,62,PayPal,No
O00124,C1168,2025-07-30,South,Office,Paper,178.84,131.09,5,6,73,PayPal,No
O00125,C1034,2025-08-06,East,Electronics,Headphones,724,305.08,10,7,65,Cash,Yes
O00126,C1134,2025-02-10,North,Electronics,Headphones,1110.78,668.95,10,8,27,PayPal,Yes
O00127,C1134,2025-05-02,North,Office,Printer,1660.36,1032.19,10,2,31,Card,No
O00128,C1124,2025-01-14,South,Furniture,Shelf,670.72,563.13,40,4,42,PayPal,Yes
O00129,C1168,2025-01-16,East,Office,Pen,1379.05,988.24,10,4,51,Card,No
O00130,C1099,2025-04-29,West,Office,Pen,1777.83,1321.13,5,5,59,Cash,Yes
O00131,C1156,2025-11-26,West,Office,Paper,1915.94,1581.27,10,2,20,Card,No
O00132,C1075,2025-11-10,East,Office,Pen,1519.23,1361.97,25,1,49,Cash,No
O00133,C1197,2025-09-04,North,Furniture,Desk,657.85,514.01,0,8,57,Cash,No
O00134,C1029,2025-12-01,North,Office,Printer,499.35,235.61,15,3,31,Card,No
O00135,C1019,2025-01-16,North,Furniture,Desk,1180.59,634.89,5,9,26,PayPal,No
O00136,C1066,2025-01-22,West,Furniture,Shelf,1539.58,1134.81,5,7,75,Card,Yes
O00137,C1198,2025-04-03,North,Furniture,Chair,952.3,748.51,0,8,28,Cash,Yes
O00138,C1121,2025-08-31,East,Electronics,,202.4,182.47,15,7,38,Bank Transfer,No
O00139,C1143,2025-09-08,South,Electronics,Headphones,1505.52,803.68,30,10,45,Card,No
O00140,C1088,25/10/2025,South,Office,Printer,70.6,31.69,0,9,40,Bank Transfer,Yes
O00141,C1069,2025-02-14,East,Furniture,Shelf,1965.69,1453.64,0,2,64,Bank Transfer,No
O00142,C1071,2025-05-20,West,Electronics,Laptop,321.59,171.62,25,10,30,PayPal,Yes
O00143,C1114,2025-09-01,South,Electronics,Phone,-227.36,167.53,0,9,53,Cash,No
O00144,C1131,2025-09-26,East,Office,Printer,1486.03,979.06,0,4,58,PayPal,Yes
O00145,C1103,2025-05-11,West,Office,Printer,1063.12,428.92,50,5,53,Bank Transfer,Yes
O00146,C1198,2025-11-17,South,Office,Pen,877.27,626.27,30,1,36,Card,Yes
O00147,C1175,2025-01-27,South,Furniture,Shelf,-663.27,479.14,40,7,21,Card,No
O00148,C1111,2025-09-04,East,Office,Printer,128.72,77.84,30,6,69,PayPal,Yes
O00149,C1054,2025-10-31,North,Furniture,Shelf,754.27,710.32,25,10,57,Cash,Yes
O00150,C1081,2025-09-02,West,Electronics,Headphones,1086.39,924.34,10,1,28,Card,Yes
O00151,C1180,2025-03-17,West,Furniture,Desk,1350.23,678.27,40,10,42,PayPal,No
O00152,C1146,2025-10-27,South,Electronics,Laptop,1671.12,1131.45,20,6,57,Cash,No
O00153,C1065,2025-10-07,West,Furniture,Shelf,115.05,84.18,10,7,19,Card,Yes
O00154,C1069,2025-10-29,South,Office,Pen,781.55,498.87,0,7,52,PayPal,No
O00155,C1126,2025-07-07,South,Furniture,Chair,99.7,72.42,25,10,46,PayPal,No
O00156,C1040,2025-12-19,West,Electronics,Phone,57.65,45.25,30,2,24,Cash,Yes
O00157,C1095,2025-04-22,South,Electronics,Phone,545.73,496.35,30,9,42,Bank Transfer,No
O00158,C1198,2025-11-07,South,Furniture,Shelf,1082.16,452.27,40,10,23,Card,No
O00159,C1164,2025-11-16,North,Furniture,Desk,1088.33,457.3,30,3,31,Bank Transfer,No
O00160,C1010,2025-07-19,North,Office,Pen,1633.18,1218.56,30,3,67,Cash,No
O00161,C1131,2025-12-28,West,Electronics,Phone,1926.87,1619.77,30,9,38,Cash,No
O00162,C1155,2025-08-15,North,Electronics,Laptop,656.38,473.55,40,4,39,Bank Transfer,No
O00163,C1102,2025-10-01,West,Electronics,,913.59,863.46,10,7,51,Card,No
O00164,C1166,2025-08-11,East,Electronics,,576.48,469.3,40,3,52,Card,No
O00165,C1175,2025-03-31,South,Furniture,Chair,1552.32,940.4,50,3,47,PayPal,Yes
O00166,C1083,2025-12-29,South,Office,Paper,1361.57,994.94,0,9,48,Cash,Yes
O00167,C1163,2025-03-19,North,Electronics,Phone,411.83,370.72,25,10,47,Card,Yes
O00168,C1142,2025-04-25,West,Electronics,Phone,1378.48,881.27,5,4,42,PayPal,Yes
O00169,C1106,2025-10-23,South,Electronics,Laptop,1736.85,1317.15,15,4,42,PayPal,Yes
O00170,C1089,2025-04-19,North,Furniture,Shelf,62.07,53.73,15,5,58,Cash,No
O00171,C1083,2025-11-23,West,Office,Pen,788.79,692.06,50,9,26,Card,Yes
O00172,C1166,2025-03-24,South,Office,Paper,887.62,390.22,20,10,70,Card,Yes
O00173,C1168,2025-06-22,West,Furniture,Chair,49.47,30.56,20,5,34,Bank Transfer,Yes
O00174,C1121,2025-04-11,North,Office,Printer,639.66,429.45,0,10,20,Bank Transfer,No
O00175,C1062,2025-04-23,West,Electronics,Laptop,335.9,298.01,5,8,63,Bank Transfer,No
O00176,C1155,2025-06-21,South,Office,Printer,388.05,291.54,15,6,30,Cash,Yes
O00177,C1190,2025-12-10,East,Office,Paper,1878.2,1557.34,25,2,39,PayPal,No
O00178,C1165,2025-02-12,North,Furniture,Desk,369.66,325.33,30,8,35,Bank Transfer,Yes
O00179,C1033,2025-12-28,South,Office,Printer,792.9,572.25,40,1,48,Cash,No
O00180,C1087,2025-02-05,South,Office,Pen,1422.21,1206.12,5,7,61,Bank Transfer,No
O00181,C1200,2025-11-30,East,Furniture,Desk,995.64,806.55,20,4,29,Card,No
O00182,C1066,2025-08-24,West,Office,Printer,1092.1,567.65,10,8,66,Card,Yes
O00183,C1166,2025-04-28,North,Office,Printer,683.09,561.68,15,1,45,PayPal,No
O00184,C1148,2025-07-10,North,Office,Printer,1543.02,732.72,20,1,74,Bank Transfer,No
O00185,C1056,2025-11-06,South,Office,Pen,661.59,306.83,20,9,23,Card,No
O00186,C1151,2025-02-11,West,Electronics,Laptop,1201.51,575.66,50,4,72,Card,Yes
O00187,C1146,2025-09-23,West,Furniture,,1065.22,767.3,50,7,22,Card,Yes
O00188,C1011,2025-12-24,South,Furniture,Desk,1693.42,1132.4,0,10,72,Bank Transfer,No
O00189,C1194,2025-10-05,East,Electronics,Headphones,959.98,885.7,5,1,39,PayPal,No
O00190,C1136,2025-01-18,South,Electronics,Phone,532.98,449.23,40,3,45,Cash,Yes
O00191,C1025,2025-01-03,North,Office,Printer,909.76,483.21,30,9,60,Card,No
O00192,C1162,2025-07-31,East,Furniture,Desk,1683.2,870.53,25,3,49,Card,No
O00193,C1123,2025-06-17,West,Electronics,Laptop,1471.84,679.52,50,2,58,Card,No
O00194,C1069,2025-06-04,East,Furniture,Chair,944.31,444.57,20,1,54,Cash,Yes
O00195,C1070,2025-02-20,West,Furniture,Desk,252.4,190.06,25,2,25,PayPal,Yes
O00196,C1168,2025-02-14,West,Electronics,Laptop,161.64,112.35,0,3,64,Cash,Yes
O00197,C1177,2025-05-01,West,Furniture,Desk,689.03,285.95,5,7,35,Cash,No
O00198,C1056,2025-08-23,East,Electronics,Laptop,77.64,33.44,15,5,20,Card,No
O00199,C1152,2025-03-14,South,Office,Printer,225.56,92.34,50,1,51,Card,No
O00200,C1000,2025-05-17,East,Electronics,Phone,809.25,338.29,15,2,73,Cash,Yes
O00201,C1156,2025-05-05,North,Electronics,Laptop,654.45,497.38,15,4,52,Cash,No
O00202,C1119,2025-10-12,North,Office,Printer,378,256.25,10,7,21,Bank Transfer,No
O00203,C1051,2025-06-06,North,Furniture,Desk,217.31,146.67,40,7,55,Bank Transfer,Yes
O00204,C1034,2025-05-16,East,Furniture,Chair,421.49,181.01,10,10,59,PayPal,Yes
O00205,C1196,2025-11-17,West,Furniture,Desk,119.9,71.81,5,2,68,Card,No
O00206,C1062,2025-04-02,North,Office,,975.1,751.97,40,4,64,Cash,Yes
O00207,C1165,2025-03-16,East,Office,Paper,255.74,167.67,20,4,52,Bank Transfer,No
O00208,C1069,2025-12-11,East,Office,Pen,562.37,491.12,0,8,54,Cash,No
O00209,C1028,2025-03-30,South,Office,,490.14,211.99,10,7,36,Cash,No
O00210,C1044,2025-04-24,South,Office,Printer,1098.74,974,15,5,21,Card,Yes
O00211,C1092,2025-10-18,South,Electronics,Headphones,1029.31,841.54,40,2,37,Cash,No
O00212,C1184,2025-02-13,North,Office,Pen,1881.45,834.69,40,1,19,Card,Yes
O00213,C1060,2025-11-30,East,Furniture,Desk,837.46,591.09,0,4,26,Cash,Yes
O00214,C1114,2025-05-04,East,Electronics,Headphones,926.2,495.61,40,2,75,PayPal,Yes
O00215,C1128,2025-11-23,West,Office,Pen,1009.78,655.46,30,6,19,PayPal,No
O00216,C1166,2025-01-15,South,Furniture,Desk,1605.51,831.51,25,9,67,Cash,No
O00217,C1035,2025-04-01,East,Electronics,Headphones,626.24,327.9,15,5,24,Bank Transfer,Yes
O00218,C1128,2025-12-24,West,Furniture,Chair,672.23,499.59,50,2,42,Bank Transfer,Yes
O00219,C1166,2025-04-21,North,Furniture,Chair,115.31,85.27,20,8,35,Bank Transfer,No
O00220,C1058,2025-07-30,West,Furniture,Chair,1759.79,1125.02,40,7,69,PayPal,Yes
O00221,C1190,2025-01-03,North,Office,Pen,1254.42,1138.2,25,5,35,PayPal,Yes
O00222,C1194,2025-10-04,West,Electronics,Laptop,873.01,762.68,50,5,73,Bank Transfer,No
O00223,C1042,2025-09-15,East,Electronics,Phone,105.77,63.34,10,5,21,Cash,No
O00224,C1058,2025-04-24,North,Electronics,Laptop,974.98,739.38,15,2,40,Cash,Yes
O00225,C1000,2025-07-25,West,Office,Paper,1800.07,1415.34,30,4,55,Cash,No
O00226,C1095,2025-03-14,East,Electronics,Headphones,817.4,588.99,50,9,42,PayPal,No
O00227,C1067,2025-07-29,West,Furniture,Desk,685.21,367.95,25,4,72,Card,No
O00228,C1095,2025-04-01,East,Furniture,Desk,1226.73,870.39,20,7,63,Cash,Yes
O00229,C1076,2025-07-23,East,Office,Printer,1387.08,619.01,0,4,44,Cash,No
O00230,C1153,2025-03-26,West,Office,Printer,522.05,274.25,50,8,57,Cash,No
O00231,C1121,2025-04-23,North,Furniture,Chair,1523.25,1008.57,40,8,23,Bank Transfer,No
O00232,C1073,2025-02-20,West,Office,Paper,1122.25,804.88,10,5,66,Cash,No
O00233,C1040,2025-02-25,South,Furniture,Desk,73.48,65.01,15,3,69,Cash,No
O00234,C1040,2025-04-12,West,Office,Pen,1779.69,773.11,0,5,69,Cash,Yes
O00235,C1150,2025-07-06,East,Electronics,Headphones,1230.4,874.46,30,6,64,PayPal,Yes
O00236,C1193,2025-10-25,North,Electronics,Laptop,1602.55,1115.7,0,5,75,Cash,Yes
O00237,C1197,2025-11-06,South,Furniture,Chair,1867.18,1112.73,10,7,39,PayPal,Yes
O00238,C1123,2025-06-13,North,Office,Printer,95.78,44.52,20,9,24,PayPal,Yes
O00239,C1150,2025-02-22,South,Office,Paper,350.01,181.07,10,9,23,Bank Transfer,Yes
O00240,C1194,2025-02-12,North,Office,Paper,690.29,460.84,0,5,32,Card,Yes
O00241,C1168,2025-11-29,South,Electronics,Headphones,345.95,273.59,20,5,62,Card,Yes
O00242,C1122,2025-12-03,East,Office,Paper,270.61,212.38,50,7,45,Card,No
O00243,C1085,2025-11-04,North,Electronics,Headphones,814.55,772.09,40,4,56,PayPal,No
O00244,C1072,2025-07-03,West,Electronics,Headphones,601.79,345.68,30,1,70,Bank Transfer,Yes
O00245,C1016,2025-01-23,East,Furniture,Shelf,1708.88,1585.75,15,10,60,Bank Transfer,Yes
O00246,C1160,2025-03-07,West,Furniture,,24.93,22.3,40,5,42,Card,Yes
O00247,C1189,2025-08-18,South,Furniture,Chair,1502.18,1078.69,10,6,58,Bank Transfer,Yes
O00248,C1122,2025-07-17,East,Electronics,Headphones,1044.74,894.05,15,2,59,PayPal,Yes
O00249,C1073,2025-03-12,West,Electronics,Laptop,708.49,466.55,5,8,150,Card,No
O00250,C1191,2025-06-23,South,Office,Pen,30.54,28.89,25,2,34,PayPal,Yes
O00251,C1004,2025-08-04,South,Office,Paper,1423.69,641.02,20,6,67,Bank Transfer,Yes
O00252,C1106,2025-05-29,East,Office,Printer,315.06,152.04,20,2,74,Bank Transfer,No
O00253,C1094,2025-04-19,South,Electronics,Laptop,1111.23,514.67,10,5,31,Card,No
O00254,C1099,2025-12-24,West,Furniture,Chair,1276.27,1019.78,50,7,48,Card,No
O00255,C1102,2025-08-28,South,Office,Printer,1031.08,598.66,40,5,29,Bank Transfer,No
O00256,C1142,2025-10-27,South,Office,Pen,635.66,540.52,30,5,21,Cash,No
O00257,C1198,2025-01-01,East,Electronics,Laptop,1910.38,1774.55,0,5,26,PayPal,No
O00258,C1185,2025-04-22,South,Furniture,Desk,919.85,430.19,50,9,29,Cash,No
O00259,C1151,2025-05-17,North,Furniture,Shelf,357.32,145.23,50,9,36,Card,Yes
O00260,C1030,2025-03-20,East,Office,Pen,1878.9,1072.19,20,7,35,Bank Transfer,No
O00261,C1157,2025-07-11,South,Office,Pen,381.43,351.97,15,4,31,Cash,No
O00262,C1177,2025-05-19,South,Electronics,Headphones,1377.16,803.84,15,1,73,Bank Transfer,No
O00263,C1074,2025-01-19,West,Furniture,Chair,744.85,407,30,4,71,Cash,Yes
O00264,C1077,2025-04-27,South,Office,Paper,907.94,726.74,40,10,66,Bank Transfer,Yes
O00265,C1177,2025-08-18,East,Furniture,Desk,315.2,298.02,30,5,35,Card,Yes
O00266,C1048,2025-06-13,West,Office,Paper,1865.04,1154.69,0,7,72,Bank Transfer,Yes
O00267,C1018,2025-01-23,North,Office,Printer,1221.56,708.2,50,3,20,Card,Yes
O00268,C1024,2025-12-28,West,Office,Printer,-340.31,223.23,0,10,68,Bank Transfer,Yes
O00269,C1032,2025-04-30,East,Furniture,Desk,642.64,347.81,15,3,68,PayPal,Yes
O00270,C1055,2025-08-06,West,Office,Pen,535.42,457.05,0,1,34,Card,Yes
O00271,C1094,2025-04-16,South,Electronics,Laptop,1904.14,1228.02,5,1,47,Bank Transfer,Yes
O00272,C1182,2025-03-17,North,Electronics,Laptop,237.75,162.14,30,2,72,PayPal,No
O00273,C1124,2025-09-05,East,Electronics,Phone,1372.87,572.61,25,9,58,Bank Transfer,No
O00274,C1127,2025-09-28,West,Furniture,Chair,1942.57,1826.02,40,1,73,PayPal,Yes
O00275,C1158,2025-11-11,North,Furniture,Chair,793.22,521.33,50,1,18,Cash,Yes
O00276,C1117,2025-06-19,East,Office,Paper,1986.88,1235.15,15,10,42,Cash,Yes
O00277,C1115,2025-11-14,West,Furniture,Chair,91.31,42.36,15,7,38,Card,No
O00278,C1087,2025-04-21,South,Electronics,Headphones,1226.86,1125.76,15,10,54,PayPal,Yes
O00279,C1199,2025-07-20,South,Electronics,Phone,1246.7,1002.29,50,7,46,Cash,Yes
O00280,C1178,2025-03-31,North,Electronics,Phone,214.47,170.94,50,6,39,Card,No
O00281,C1197,2025-08-10,East,Furniture,Chair,1470.45,1327.05,10,7,51,Card,Yes
O00282,C1077,2025-02-09,West,Office,Paper,1622.39,1416.41,30,3,69,PayPal,No
O00283,C1200,2025-06-14,West,Electronics,Laptop,64.83,48.62,15,8,34,PayPal,Yes
O00284,C1038,2025-07-20,West,Office,Paper,476.52,255.12,15,1,73,Card,No
O00285,C1024,2025-01-26,West,Office,Printer,1963.35,1057.67,0,7,48,Cash,Yes
O00286,C1166,2025-02-24,South,Office,,1844.07,1032.11,25,4,59,Cash,No
O00287,C1002,2025-06-13,South,Electronics,Laptop,1194.44,961.39,10,3,62,PayPal,No
O00288,C1044,2025-03-15,West,Furniture,Chair,857.08,606.39,20,3,61,Card,Yes
O00289,C1171,2025-07-03,South,Electronics,Headphones,1941.39,1168.1,20,5,59,PayPal,No
O00290,C1099,2025-08-31,East,Furniture,Shelf,1669.88,1137.77,5,7,51,Card,No
O00291,C1094,2025-06-16,West,Office,,492.28,464.35,15,4,62,Card,No
O00292,C1138,2025-07-31,North,Electronics,Phone,1789.59,1289.85,15,6,150,Bank Transfer,No
O00293,C1040,2025-02-17,South,Office,Printer,481.56,197.74,20,8,63,Card,No
O00294,C1113,2025-11-27,South,Furniture,Chair,678.14,507.06,5,3,150,PayPal,No
O00295,C1003,2025-07-22,East,Furniture,Desk,1590.23,1337.99,40,1,60,Cash,No
O00296,C1160,2025-04-14,North,Furniture,Chair,996.16,465.33,50,1,63,Bank Transfer,No
O00297,C1020,2025-06-26,North,Electronics,Laptop,197.81,123.71,25,2,27,Cash,Yes
O00298,C1018,2025-12-31,West,Electronics,Laptop,763.56,554.79,50,9,25,Cash,Yes
O00299,C1169,2025-02-04,East,Furniture,Desk,338.37,189.97,25,3,47,Card,No
O00300,C1142,13/12/2025,West,Office,Paper,343.07,290.13,25,2,64,Card,Yes
O00301,C1181,2025-10-23,West,Office,Pen,1203.04,894.6,25,4,75,Bank Transfer,Yes
O00302,C1116,2025-04-09,North,Furniture,Shelf,1455.39,1064.75,20,8,44,Cash,Yes
O00303,C1085,2025-11-11,North,Electronics,Phone,952.57,737.11,30,7,28,PayPal,No
O00304,C1111,2025-08-30,South,Electronics,Laptop,1481.9,1391.86,40,8,26,Card,No
O00305,C1040,2025-11-19,South,Electronics,Headphones,668.6,482.04,25,3,41,Cash,No
O00306,C1072,2025-01-31,North,Furniture,Chair,1292.16,824.02,15,5,38,Cash,Yes
O00307,C1109,2025-09-05,South,Office,Pen,215.97,200.6,10,3,73,Cash,Yes
O00308,C1082,2025-04-07,North,Office,Paper,1048.97,894.04,5,7,68,Cash,No
O00309,C1117,2025-05-11,West,Electronics,Headphones,753.7,621.9,20,10,64,PayPal,No
O00310,C1006,2025-06-06,South,Furniture,Desk,1915.43,1697.55,25,3,67,Cash,No
O00311,C1020,2025-09-02,East,Electronics,Laptop,612.9,462.95,25,10,27,Card,Yes
O00312,C1099,2025-03-04,East,Office,Pen,1277.27,534.3,40,10,34,Card,No
O00313,C1167,2025-07-20,West,Furniture,Chair,1996.33,855.14,0,9,42,Cash,Yes
O00314,C1122,2025-09-26,East,Electronics,Laptop,1250.43,758.82,15,6,67,PayPal,Yes
O00315,C1004,2025-09-02,West,Furniture,Desk,738.74,609.29,0,1,38,PayPal,Yes
O00316,C1166,2025-05-17,North,Office,Paper,1940.83,925.29,10,1,61,PayPal,Yes
O00317,C1018,2025-08-18,South,Office,Pen,645.39,558.89,50,3,67,Bank Transfer,Yes
O00318,C1106,2025-08-22,South,Office,Paper,114.01,93.47,40,4,36,PayPal,No
O00319,C1150,2025-08-11,North,Electronics,Laptop,1126.59,953.16,25,6,65,Card,No
O00320,C1191,2025-05-26,West,Furniture,Desk,1733.16,1416.08,50,4,66,Card,Yes
O00321,C1167,2025-12-03,East,Office,Printer,528.77,430.08,5,8,39,Cash,No
O00322,C1128,2025-01-24,South,Electronics,Headphones,589.19,438.55,30,5,37,Cash,Yes
O00323,C1111,2025-01-27,North,Electronics,Laptop,193.61,175.03,20,1,25,Bank Transfer,Yes
O00324,C1134,2025-07-16,North,Electronics,Headphones,1652.97,1250.14,0,3,60,Card,Yes
O00325,C1012,2025-08-22,East,Office,Pen,1083.67,440.08,10,7,53,PayPal,Yes
O00326,C1127,2025-09-08,North,Electronics,Laptop,620.32,515.33,15,1,59,Cash,No
O00327,C1080,2025-07-27,South,Office,Pen,1867.17,1326.21,25,3,52,PayPal,No
O00328,C1112,2025-03-15,North,Office,Paper,664.45,563.56,25,5,55,PayPal,Yes
O00329,C1058,2025-09-09,East,Office,Paper,1806.75,1672.01,15,10,71,PayPal,Yes
O00330,C1052,2025-04-07,North,Electronics,Headphones,1041.61,447.33,15,5,49,Cash,No
O00331,C1097,2025-08-30,North,Furniture,Chair,1185.14,677.95,5,6,46,Bank Transfer,No
O00332,C1065,2025-09-30,South,Furniture,Desk,1776.39,968,50,10,33,Bank Transfer,No
O00333,C1149,2025-02-16,East,Office,,1136.24,798.85,10,7,56,Cash,No
O00334,C1056,2025-04-26,South,Electronics,Laptop,884.19,390.93,50,2,67,Cash,Yes
O00335,C1166,2025-12-08,East,Furniture,Shelf,1094.3,700.28,0,10,19,Bank Transfer,No
O00336,C1029,2025-11-01,East,Electronics,Laptop,1950.55,1771.84,50,5,45,Bank Transfer,Yes
O00337,C1103,2025-10-24,North,Office,Pen,1119.07,733.1,15,7,42,PayPal,No
O00338,C1051,2025-11-15,South,Furniture,Desk,1387.9,645.25,25,10,34,Bank Transfer,Yes
O00339,C1131,2025-03-17,South,Electronics,Phone,306.95,144.53,5,9,45,Card,No
O00340,C1012,2025-03-01,East,Furniture,Chair,1405.05,1003.11,15,10,36,PayPal,Yes
O00341,C1164,2025-11-05,North,Furniture,Chair,714.95,412.33,10,10,30,Card,No
O00342,C1102,2025-09-08,North,Furniture,Chair,1476.67,662.18,50,3,19,Card,No
O00343,C1186,2025-01-03,North,Office,Printer,1559.12,1242.61,0,1,18,PayPal,No
O00344,C1058,2025-12-13,North,Office,Paper,1077.5,532.08,20,7,45,Cash,Yes
O00345,C1193,2025-02-27,West,Electronics,Laptop,1824.88,1004.3,40,4,30,Cash,No
O00346,C1030,2025-08-10,South,Furniture,Shelf,612.51,481.28,20,6,54,Cash,No
O00347,C1084,2025-02-01,East,Electronics,Headphones,1294.56,1070.31,20,5,51,Bank Transfer,No
O00348,C1017,2025-06-15,East,Furniture,Shelf,1335.12,1168.43,5,9,65,PayPal,No
O00349,C1123,2025-05-01,North,Furniture,Chair,360.97,333.57,40,3,64,Card,Yes
O00350,C1008,2025-01-09,North,Electronics,Laptop,1108.07,943.89,10,6,65,Bank Transfer,No
O00351,C1064,2025-08-24,East,Office,Paper,1990.7,802.79,30,5,24,Bank Transfer,Yes
O00352,C1045,2025-06-22,South,Furniture,Desk,380.28,274.5,15,3,25,Cash,No
O00353,C1072,2025-10-19,West,Office,Pen,1678.37,1308.78,5,10,64,Cash,No
O00354,C1119,2025-05-20,West,Office,Paper,433.42,408.81,40,10,48,Bank Transfer,Yes
O00355,C1125,2025-09-21,North,Office,Paper,873.82,398.12,5,10,49,PayPal,Yes
O00356,C1031,2025-07-12,West,Office,Pen,1094.68,668.79,10,10,18,PayPal,Yes
O00357,C1117,15/07/2025,North,Furniture,Desk,352.16,158.59,50,4,51,Bank Transfer,Yes
O00358,C1155,2025-08-10,South,Furniture,Chair,1167.74,693.34,25,3,45,Cash,No
O00359,C1100,2025-01-30,East,Office,Printer,385.81,316.17,15,7,33,Bank Transfer,Yes
O00360,C1162,2025-06-04,South,Office,Printer,452.86,314.44,40,2,55,Card,No
O00361,C1085,2025-10-12,East,Electronics,Phone,713.29,441.62,40,10,24,PayPal,Yes
O00362,C1197,2025-08-20,East,Furniture,Desk,1624.96,1008.59,0,1,73,Bank Transfer,Yes
O00363,C1131,2025-11-18,West,Office,Paper,146.76,71.42,15,6,59,Card,Yes
O00364,C1002,2025-03-06,West,Office,Paper,1331.86,1137.26,25,10,45,Bank Transfer,No
O00365,C1081,2025-11-26,East,Electronics,Laptop,1195.11,734.57,30,1,39,Card,No
O00366,C1109,2025-01-02,West,Electronics,Laptop,1789.85,881.02,30,6,46,Bank Transfer,No
O00367,C1148,2025-02-22,South,Electronics,Headphones,120,51.9,25,5,60,Bank Transfer,No
O00368,C1107,2025-06-23,West,Office,Pen,1756.37,1600.5,10,8,40,Cash,No
O00369,C1014,2025-04-07,South,Furniture,Shelf,200.07,174.32,10,2,20,Card,Yes
O00370,C1111,2025-06-06,North,Office,Pen,1411.03,712.53,0,2,56,Cash,Yes
O00371,C1055,2025-12-06,South,Furniture,Chair,977.47,519.73,15,7,48,Bank Transfer,Yes
O00372,C1146,2025-07-11,West,Furniture,Chair,429.03,199.01,50,6,40,Card,No
O00373,C1193,2025-10-08,West,Furniture,Shelf,229.89,113.5,30,7,72,Cash,Yes
O00374,C1049,28/09/2025,East,Furniture,Shelf,202.45,93.82,40,6,70,Cash,Yes
O00375,C1149,2025-01-07,North,Office,Printer,-818.34,404.54,40,10,29,Card,Yes
O00376,C1085,2025-02-18,East,Furniture,Desk,1154.39,602.26,10,2,27,Cash,Yes
O00377,C1113,2025-09-23,East,Electronics,Headphones,187.07,165.25,50,4,75,Card,No
O00378,C1174,2025-09-10,East,Office,Printer,1919.47,828.47,25,3,49,Bank Transfer,Yes
O00379,C1014,2025-06-10,North,Electronics,Laptop,346.35,164.94,10,2,35,Bank Transfer,Yes
O00380,C1062,2025-01-17,North,Electronics,Laptop,1362.73,1294.54,30,9,42,Bank Transfer,No
O00381,C1196,2025-02-22,South,Electronics,Phone,979.14,816.66,0,9,26,Card,Yes
O00382,C1040,23/11/2025,West,Furniture,Chair,324.78,183.83,25,2,70,Bank Transfer,No
O00383,C1134,2025-02-07,North,Electronics,Headphones,1886.8,936.49,5,9,30,Cash,No
O00384,C1158,2025-03-01,South,Electronics,Phone,899.59,828.68,10,10,73,PayPal,Yes
O00385,C1073,2025-09-10,East,Office,Pen,1054.6,997.5,20,7,18,Card,Yes
O00386,C1070,2025-12-28,North,Electronics,Laptop,1995.76,1259.57,30,8,56,PayPal,Yes
O00387,C1181,2025-06-24,South,Electronics,Headphones,705.51,321.67,25,3,21,PayPal,No
O00388,C1008,2025-09-04,West,Office,Printer,307.66,246.24,15,1,21,Cash,Yes
O00389,C1054,2025-02-11,North,Electronics,Phone,687.48,409.52,40,9,50,Card,No
O00390,C1112,2025-07-13,North,Furniture,Desk,969.14,893.37,20,9,47,Bank Transfer,Yes
O00391,C1057,2025-01-09,West,Electronics,Headphones,1792.15,1100.72,5,4,34,Bank Transfer,No
O00392,C1053,2025-07-12,North,Furniture,Desk,751.81,354.98,25,4,44,Cash,No
O00393,C1058,2025-03-22,East,Electronics,Headphones,1866.59,1432.59,50,9,72,Card,No
O00394,C1001,2025-03-22,South,Electronics,Headphones,-742.04,360.44,10,4,68,PayPal,No
O00395,C1150,2025-09-14,West,Electronics,Headphones,1972.8,1730.36,50,9,43,Cash,Yes
O00396,C1075,2025-11-08,South,Electronics,Phone,1348.12,929.23,20,4,74,Card,Yes
O00397,C1181,2025-09-05,East,Electronics,Phone,297.07,236.86,15,7,73,Bank Transfer,Yes
O00398,C1194,2025-05-27,South,Office,Pen,951.26,449.45,25,8,59,Bank Transfer,No
O00399,C1087,2025-05-26,West,Electronics,Phone,455.9,391.24,30,1,37,Card,Yes
O00400,C1055,2025-07-13,North,Electronics,Phone,1650.47,1403.94,50,4,69,Card,No
O00401,C1143,2025-11-11,South,Electronics,Headphones,547.67,227.81,20,7,64,PayPal,Yes
O00402,C1077,2025-07-06,South,Electronics,Headphones,464.27,383.47,25,4,67,Card,Yes
O00403,C1015,2025-03-31,East,Electronics,Phone,1802.35,1296.97,25,8,44,Bank Transfer,No
O00404,C1108,2025-05-16,East,Electronics,Headphones,460,187.88,15,2,60,Cash,Yes
O00405,C1019,2025-10-08,West,Office,Paper,1015.64,906.45,10,4,25,Cash,No
O00406,C1198,2025-08-23,North,Furniture,Desk,102.3,60.5,15,4,67,Cash,Yes
O00407,C1102,2025-08-13,North,Electronics,Phone,1944.33,1551.16,50,5,34,PayPal,No
O00408,C1125,2025-02-24,West,Office,Pen,1997.69,1251.82,50,1,25,Bank Transfer,Yes
O00409,C1138,2025-05-30,West,Furniture,Chair,1252.56,1130.67,10,6,26,Bank Transfer,Yes
O00410,C1013,2025-05-08,South,Office,,482.53,416.44,30,3,42,Bank Transfer,No
O00411,C1040,2025-09-22,West,Furniture,,1684.86,823.57,20,6,41,Cash,No
O00412,C1067,2025-11-26,South,Office,Pen,1087.23,896.77,30,6,41,Cash,No
O00413,C1200,2025-01-30,North,Furniture,Desk,1907.86,1202.21,0,2,57,Cash,Yes
O00414,C1104,2025-08-25,South,Furniture,Shelf,1755.84,927.83,0,10,39,Card,No
O00415,C1019,2025-07-27,West,Furniture,Desk,1811.52,1589.93,50,9,71,Bank Transfer,No
O00416,C1062,2025-05-09,West,Electronics,Headphones,1594.59,884.51,30,7,37,Card,Yes
O00417,C1196,2025-05-17,East,Furniture,Shelf,1986.16,1407.75,15,10,51,Bank Transfer,No
O00418,C1025,2025-11-19,East,Furniture,Shelf,237.18,115.32,15,4,31,Card,No
O00419,C1029,2025-08-30,North,Electronics,Laptop,622.25,469.04,25,2,27,Cash,Yes
O00420,C1192,2025-09-11,East,Furniture,Chair,1871.46,1545.21,5,9,62,PayPal,No
O00421,C1053,2025-05-04,East,Furniture,Desk,598.52,450.36,40,8,47,Card,Yes
O00422,C1107,2025-07-17,West,Furniture,Desk,1810.04,783.37,50,1,23,Cash,Yes
O00423,C1189,2025-05-19,West,Electronics,Headphones,1836.73,736.09,5,5,32,Bank Transfer,Yes
O00424,C1108,2025-11-01,North,Furniture,Chair,683.73,336.34,15,4,18,PayPal,No
O00425,C1160,2025-08-26,South,Electronics,Laptop,818.07,711.08,20,2,75,PayPal,Yes
O00426,C1114,2025-12-06,East,Office,Printer,1614.61,1114.3,30,9,32,Card,Yes
O00427,C1057,2025-09-04,North,Electronics,Laptop,1498.28,1258.9,30,8,43,Cash,Yes
O00428,C1039,2025-01-14,East,Electronics,Headphones,86.83,40.78,50,3,44,Cash,No
O00429,C1098,2025-11-22,East,Electronics,Headphones,1327.99,750.07,25,7,54,Cash,Yes
O00430,C1111,2025-11-25,West,Furniture,Shelf,668.71,609.41,50,10,49,PayPal,No
O00431,C1140,2025-12-23,South,Electronics,Laptop,1647.84,994.36,5,7,61,Card,Yes
O00432,C1032,2025-10-31,East,Office,Printer,884.84,615.89,25,6,150,Cash,Yes
O00433,C1022,2025-07-05,West,Electronics,Headphones,1457.85,729.56,30,9,23,Cash,Yes
O00434,C1143,2025-10-28,North,Furniture,Desk,554.23,508.1,50,10,20,Bank Transfer,No
O00435,C1115,2025-12-21,West,Electronics,Headphones,1650.96,1275.21,40,3,58,Card,Yes
O00436,C1178,09/07/2025,North,Electronics,Headphones,353.89,247.28,20,7,73,PayPal,Yes
O00437,C1027,2025-06-24,West,Office,Printer,890.35,743.67,15,2,64,Cash,No
O00438,C1019,2025-12-04,West,Office,Printer,1035.79,868.5,10,6,18,PayPal,Yes
O00439,C1103,2025-12-30,South,Electronics,Headphones,1099.57,592.25,30,9,50,Bank Transfer,No
O00440,C1079,2025-05-10,South,Furniture,Desk,236.29,189.69,20,4,29,PayPal,No
O00441,C1181,2025-05-25,South,Furniture,Shelf,1648.69,1146.25,25,9,66,Cash,No
O00442,C1031,2025-04-30,North,Furniture,Chair,1781.8,1014.73,15,4,53,PayPal,Yes
O00443,C1082,2025-03-06,South,Office,Pen,-1999.58,1813.72,50,5,75,Bank Transfer,Yes
O00444,C1089,2025-10-07,South,Office,Printer,272.27,237.18,10,9,45,Cash,Yes
O00445,C1156,2025-06-25,North,Furniture,Shelf,1648.46,903.85,30,6,53,PayPal,No
O00446,C1079,2025-01-23,North,Furniture,Desk,243.65,105.04,10,9,62,PayPal,Yes
O00447,C1196,2025-07-20,North,Furniture,Chair,605.24,518.27,50,3,29,PayPal,Yes
O00448,C1003,2025-08-01,North,Electronics,Headphones,642.64,276.74,5,8,26,Cash,No
O00449,C1036,2025-05-13,West,Office,Pen,1805.49,980.94,50,8,21,Cash,No
O00450,C1102,2025-11-16,East,Furniture,Shelf,1026.07,466.86,15,2,60,Cash,No
O00451,C1121,2025-02-14,East,Electronics,Laptop,1646.76,1338.52,50,3,28,Bank Transfer,Yes
O00452,C1035,2025-03-07,West,Furniture,Chair,333.86,223.71,10,10,54,Card,No
O00453,C1084,2025-06-22,South,Electronics,Phone,182.19,162.97,20,1,38,Card,Yes
O00454,C1145,2025-06-18,South,Furniture,Shelf,1174.24,864.15,50,6,21,Card,No
O00455,C1187,2025-01-29,North,Furniture,Desk,641.9,308.92,5,10,61,Bank Transfer,No
O00456,C1092,07/07/2025,East,Electronics,Phone,1251.3,1147.05,30,1,34,Cash,Yes
O00457,C1151,2025-06-23,West,Furniture,Shelf,548.31,337.57,40,5,44,Bank Transfer,No
O00458,C1139,2025-03-15,South,Electronics,Headphones,-1106.16,942.75,15,1,47,PayPal,No
O00459,C1119,2025-06-10,West,Electronics,Phone,393.73,290.09,10,2,26,PayPal,Yes
O00460,C1196,2025-11-02,East,Office,Paper,1391.23,1038.77,30,8,49,PayPal,Yes
O00461,C1153,2025-03-29,West,Office,Printer,1545.22,1131.93,10,10,73,Cash,No
O00462,C1149,2025-01-19,East,Office,Printer,963.02,705.6,25,4,53,Cash,Yes
O00463,C1124,2025-03-22,East,Furniture,Shelf,474.8,357.12,15,6,72,Bank Transfer,No
O00464,C1031,2025-09-16,North,Electronics,Headphones,1477.98,602.55,10,5,70,Cash,Yes
O00465,C1184,2025-03-10,West,Furniture,Desk,1150.7,841.29,5,2,66,Cash,No
O00466,C1030,2025-05-19,North,Office,Pen,777.65,673.28,0,9,48,Cash,Yes
O00467,C1168,2025-06-04,South,Office,Pen,203.38,89.37,5,10,72,Bank Transfer,Yes
O00468,C1200,2025-12-22,South,Electronics,Laptop,725.75,376.95,15,4,65,Card,No
O00469,C1107,2025-08-12,West,Furniture,Chair,1142.26,928.9,10,7,62,Cash,No
O00470,C1092,2025-12-15,East,Electronics,Headphones,1450.91,1128.95,10,7,43,PayPal,Yes
O00471,C1123,2025-04-20,East,Furniture,Shelf,1685.92,1248.07,20,4,28,Cash,No
O00472,C1177,2025-02-28,East,Electronics,Headphones,705.07,466.65,10,6,59,Bank Transfer,Yes
O00473,C1166,2025-10-07,West,Electronics,Phone,1012.93,754.14,40,6,57,PayPal,No
O00474,C1115,2025-10-22,East,Electronics,Laptop,936.27,479.42,10,7,55,PayPal,No
O00475,C1039,2025-09-11,East,Office,Pen,1499.09,949.9,0,4,69,Card,Yes
O00476,C1026,2025-11-13,East,Electronics,Headphones,1949.26,1051.44,0,1,68,Card,No
O00477,C1020,2025-11-09,East,Office,Paper,1028.44,547.09,25,1,62,PayPal,Yes
O00478,C1082,2025-06-17,North,Furniture,Desk,1915.03,1074.88,10,10,23,Bank Transfer,Yes
O00479,C1053,2025-08-30,South,Electronics,Headphones,1032.42,976.04,30,2,67,PayPal,Yes
O00480,C1063,2025-07-01,North,Furniture,Desk,336.72,306.19,20,2,52,Card,No
O00481,C1059,2025-02-21,West,Furniture,Desk,1825.63,1414.36,10,4,67,Cash,Yes
O00482,C1179,2025-01-06,South,Electronics,Phone,335.17,159.78,10,10,73,Cash,No
O00483,C1161,2025-10-02,North,Furniture,Chair,329.64,134.15,25,9,53,Bank Transfer,Yes
O00484,C1157,2025-04-30,North,Office,Pen,1527.3,1176.83,50,2,59,Card,Yes
O00485,C1031,2025-12-21,East,Electronics,Headphones,114.5,87.26,30,2,70,PayPal,Yes
O00486,C1154,2025-06-24,East,Office,Pen,1386.1,1180.2,20,3,55,Card,No
O00487,C1038,28/04/2025,West,Office,Pen,471.41,339.51,5,9,50,Card,No
O00488,C1149,2025-09-16,West,Office,Paper,683.07,455.17,30,4,34,PayPal,No
O00489,C1183,2025-07-04,South,Furniture,Desk,1595.12,1314.14,25,7,28,Cash,Yes
O00490,C1015,2025-04-04,East,Office,Paper,293.3,239.51,40,3,51,Card,No
O00491,C1177,2025-02-20,North,Office,Paper,1650.49,1124.28,5,6,18,Card,No
O00492,C1081,2025-04-16,East,Furniture,Desk,1050.5,558.55,20,3,40,Cash,Yes
O00493,C1113,2025-05-31,South,Furniture,Desk,938.32,856.29,10,10,70,Cash,No
O00494,C1072,2025-05-29,East,Office,Printer,626.14,550.75,0,10,65,PayPal,No
O00495,C1184,2025-08-18,North,Office,Pen,73.2,62.2,25,4,53,Cash,No
O00496,C1161,2025-03-23,West,Furniture,Desk,1440.58,959.94,30,7,21,Card,Yes
O00497,C1142,2025-01-16,South,Electronics,Headphones,1309.13,702.9,15,1,23,Bank Transfer,Yes
O00498,C1014,2025-07-25,West,Furniture,Desk,439.51,176.56,20,4,20,Bank Transfer,No
O00499,C1009,2025-11-27,South,Furniture,Chair,844.41,689.66,20,5,38,Card,Yes
O00500,C1010,2025-12-24,West,Office,Printer,147.01,69.07,20,6,61,Cash,Yes
O00501,C1072,2025-12-11,South,Furniture,Desk,893.14,456.75,15,5,37,PayPal,No
O00502,C1008,2025-02-23,West,Electronics,Laptop,703.61,621.05,50,5,56,Card,Yes
O00503,C1066,2025-08-18,East,Office,Printer,622.64,508.18,15,3,71,Card,Yes
O00504,C1107,2025-12-23,East,Electronics,Laptop,1713.26,867.97,25,8,27,Bank Transfer,No
O00505,C1091,2025-10-13,South,Electronics,Laptop,1847.05,1072,50,8,66,Cash,No
O00506,C1137,2025-05-03,West,Office,Paper,179.43,166.06,20,3,75,PayPal,Yes
O00507,C1118,2025-10-01,South,Electronics,Headphones,326.37,232.43,0,3,71,Card,Yes
O00508,C1055,2025-08-17,North,Office,Pen,1420.48,1213.63,50,6,68,Card,No
O00509,C1085,2025-05-08,South,Furniture,Shelf,979.86,774.49,10,10,25,Bank Transfer,No
O00510,C1121,2025-02-10,North,Furniture,Chair,442.89,328.6,40,2,60,Cash,Yes
O00511,C1064,2025-06-17,East,Electronics,Phone,160.39,80.51,25,5,60,Bank Transfer,Yes
O00512,C1115,2025-07-09,North,Office,Printer,1997.36,1139.32,10,3,34,Card,Yes
O00513,C1001,2025-05-03,West,Furniture,Chair,-30.61,20.66,50,8,23,Bank Transfer,No
O00514,C1195,2025-04-20,South,Electronics,Phone,1270.22,861.88,15,2,48,PayPal,No
O00515,C1072,2025-09-26,South,Electronics,Phone,613.11,433.39,5,4,63,PayPal,Yes
O00516,C1183,2025-09-13,South,Electronics,Headphones,1869.95,1384.78,0,7,57,Bank Transfer,No
O00517,C1118,2025-10-13,West,Furniture,Desk,740.15,647,20,8,46,Card,No
O00518,C1134,2025-05-21,South,Electronics,Headphones,560.24,269.5,0,1,63,Bank Transfer,Yes
O00519,C1054,2025-09-11,South,Furniture,Shelf,-364.11,152.69,0,6,20,Card,No
O00520,C1120,07/01/2025,West,Office,Pen,1962.61,1614,15,8,29,PayPal,No
O00521,C1173,2025-11-18,North,Furniture,Chair,1803.92,1687.49,50,2,19,Card,Yes
O00522,C1135,2025-10-07,East,Electronics,Phone,1288.62,873.31,15,6,68,Card,No
O00523,C1125,2025-01-30,East,Office,Printer,684.77,436.15,0,4,31,Card,Yes
O00524,C1091,2025-07-23,West,Furniture,Shelf,1386.83,572.64,20,7,19,Bank Transfer,No
O00525,C1072,2025-07-11,West,Office,Pen,1863.25,1139.07,0,5,40,Bank Transfer,No
O00526,C1063,2025-06-11,South,Electronics,Laptop,1990.07,1083.06,10,3,51,Cash,Yes
O00527,C1103,2025-01-23,North,Office,Pen,308.77,131.69,10,2,44,Cash,No
O00528,C1012,2025-03-22,West,Office,Pen,1055.21,458.32,25,8,20,Cash,No
O00529,C1155,2025-04-05,North,Furniture,Desk,60.22,48.77,0,9,72,Bank Transfer,No
O00530,C1007,2025-02-15,North,Furniture,Shelf,1112.9,566.84,0,9,58,Bank Transfer,Yes
O00531,C1122,2025-08-22,South,Electronics,Headphones,1001.11,665.97,40,3,47,Card,Yes
O00532,C1057,2025-11-21,North,Furniture,Chair,683.95,644.18,10,4,74,Cash,Yes
O00533,C1039,2025-06-24,West,Office,Printer,1016.01,924.3,30,5,70,PayPal,No
O00534,C1066,2025-03-05,East,Furniture,Chair,722.77,302.43,20,5,27,PayPal,No
O00535,C1149,2025-10-05,West,Electronics,Headphones,1461.03,1062.5,20,1,75,Cash,Yes
O00536,C1032,2025-10-12,North,Electronics,Phone,-419.84,391.86,50,6,46,Card,No
O00537,C1148,2025-10-22,South,Electronics,Headphones,-77.45,50.83,50,2,18,PayPal,Yes
O00538,C1105,24/08/2025,West,Electronics,Laptop,452.17,309.05,50,8,35,Card,Yes
O00539,C1190,2025-10-03,South,Furniture,Chair,142.29,103.59,50,8,45,Cash,No
O00540,C1137,2025-02-28,East,Electronics,Phone,1032.66,474.09,20,4,21,Card,No
O00541,C1127,2025-07-19,East,Furniture,Desk,81.31,42.26,25,6,37,Cash,No
O00542,C1148,2025-12-25,North,Furniture,Chair,842.33,676.77,20,2,33,Bank Transfer,No
O00543,C1014,2025-06-14,North,Office,Pen,1733.47,877.43,20,8,66,Cash,Yes
O00544,C1084,2025-02-11,East,Furniture,Chair,779.98,499.49,5,7,54,Card,Yes
O00545,C1091,2025-11-28,West,Electronics,Phone,1313.63,1103.24,0,5,48,PayPal,Yes
O00546,C1102,2025-02-21,West,Office,Printer,905.02,816.54,5,10,71,Cash,No
O00547,C1040,2025-06-14,East,Office,Pen,1879.41,1524.32,20,5,23,Bank Transfer,No
O00548,C1066,2025-06-21,East,Furniture,Shelf,1791.91,967.65,25,4,31,Card,No
O00549,C1153,2025-06-07,West,Office,Pen,1395.31,596.15,5,7,71,PayPal,Yes
O00550,C1117,2025-07-14,South,Furniture,Chair,323.85,229.78,40,2,49,Card,Yes
O00551,C1041,2025-07-01,South,Electronics,Headphones,1697.46,1078.55,5,4,50,Bank Transfer,No
O00552,C1031,2025-10-12,East,Electronics,Headphones,1929.25,1286.84,30,1,55,Card,No
O00553,C1066,2025-06-10,East,Electronics,Phone,731.58,457.57,20,8,52,Bank Transfer,No
O00554,C1034,2025-01-26,South,Electronics,Laptop,88.83,69.46,20,4,63,Cash,No
O00555,C1029,2025-03-15,East,Furniture,Desk,1017.34,924.72,30,2,69,Bank Transfer,No
O00556,C1154,2025-01-18,East,Electronics,Headphones,39.01,36.84,20,9,35,Card,Yes
O00557,C1030,2025-01-02,South,Electronics,Headphones,589.35,253.5,15,5,28,PayPal,Yes
O00558,C1011,2025-09-22,East,Electronics,Phone,418.6,392.71,15,6,73,Bank Transfer,Yes
O00559,C1133,2025-06-18,West,Electronics,Headphones,1577.68,715.1,20,2,25,Card,No
O00560,C1158,2025-09-10,West,Furniture,Chair,1279.84,668.49,50,9,35,Bank Transfer,Yes
O00561,C1008,2025-01-01,North,Office,Pen,641.36,336.46,15,8,70,Cash,Yes
O00562,C1142,2025-01-01,West,Electronics,Laptop,762.46,525.09,50,2,48,Card,No
O00563,C1022,2025-11-25,North,Furniture,Desk,1058.97,662.53,15,2,65,Card,Yes
O00564,C1003,2025-07-02,East,Office,Printer,1202.15,697.7,5,5,30,Bank Transfer,No
O00565,C1127,2025-02-21,West,Office,Pen,91.27,59.08,25,6,61,Card,No
O00566,C1162,2025-05-20,North,Office,,1664.04,1478.62,5,7,43,Bank Transfer,No
O00567,C1114,2025-01-06,North,Office,Paper,1609.44,1163,20,4,60,PayPal,No
O00568,C1084,2025-07-02,West,Furniture,Desk,677.24,349.81,5,2,30,Cash,Yes
O00569,C1123,2025-03-10,North,Furniture,Desk,855.98,793.85,20,10,24,Bank Transfer,Yes
O00570,C1012,2025-10-19,East,Office,Printer,1087.06,513.82,40,6,38,Card,No
O00571,C1039,2025-05-26,East,Electronics,,991.09,494.17,15,9,43,Cash,No
O00572,C1108,2025-12-08,East,Office,Printer,1784.29,1411.71,0,2,74,Card,Yes
O00573,C1135,2025-10-05,West,Electronics,Phone,777.67,516.48,40,7,73,PayPal,Yes
O00574,C1032,2025-12-03,West,Office,Printer,1197.41,745.02,15,1,38,Card,Yes
O00575,C1095,2025-09-28,East,Furniture,Shelf,1285.79,1023.71,10,8,31,PayPal,No
O00576,C1126,2025-12-10,North,Electronics,,1422.2,1034.12,10,6,61,PayPal,No
O00577,C1125,28/08/2025,West,Furniture,Desk,210.7,159.43,0,9,42,Cash,Yes
O00578,C1165,2025-12-24,South,Electronics,Phone,256.42,175.08,40,8,54,Bank Transfer,Yes
O00579,C1111,2025-08-08,East,Furniture,Chair,1101.86,808.58,25,3,53,Card,No
O00580,C1105,2025-03-06,North,Furniture,Shelf,1156.96,962.18,25,3,72,PayPal,Yes
O00581,C1180,2025-05-07,North,Electronics,Phone,766.98,440.88,15,7,34,PayPal,Yes
O00582,C1066,2025-11-15,West,Furniture,Desk,508.07,421,15,3,47,Card,No
O00583,C1190,2025-10-16,East,Office,Printer,65.73,38.78,40,8,22,Cash,No
O00584,C1126,2025-07-20,West,Furniture,Desk,943.73,592,30,6,41,Bank Transfer,No
O00585,C1141,2025-05-08,North,Electronics,Laptop,1634.29,802.86,30,5,25,Cash,Yes
O00586,C1082,2025-02-18,East,Electronics,Headphones,416.2,393.82,25,1,69,PayPal,No
O00587,C1057,2025-04-02,East,Furniture,Chair,1548.87,1292.81,5,2,72,Cash,No
O00588,C1172,2025-03-14,South,Office,Paper,1960.75,1539.41,50,3,67,Bank Transfer,Yes
O00589,C1123,2025-08-04,East,Electronics,Phone,950.75,465.62,5,7,44,Card,Yes
O00590,C1159,2025-10-13,South,Furniture,Chair,63.88,52.02,30,10,72,PayPal,Yes
O00591,C1194,2025-07-26,South,Electronics,Phone,1975.41,952.23,10,10,35,Card,Yes
O00592,C1071,2025-12-29,West,Office,,570.77,330.83,40,6,33,Bank Transfer,Yes
O00593,C1005,2025-04-07,North,Electronics,Headphones,1992.79,1317.78,25,2,44,Bank Transfer,Yes
O00594,C1140,2025-02-22,East,Office,Pen,1959.93,1168.96,30,4,28,Cash,No
O00595,C1128,2025-03-03,East,Electronics,Phone,1845.47,1060.81,5,6,60,Cash,No
O00596,C1070,2025-10-10,West,Electronics,Phone,1644.62,1459.49,25,2,39,Bank Transfer,No
O00597,C1147,2025-04-03,West,Electronics,Laptop,1034.92,847.52,40,1,74,Bank Transfer,Yes
O00598,C1147,2025-06-14,West,Furniture,Shelf,1975.69,1290.54,50,5,54,Cash,Yes
O00599,C1125,2025-03-03,North,Furniture,Desk,1883.5,1655.35,10,6,29,PayPal,No
O00600,C1037,2025-11-30,South,Office,Pen,1059.31,449.04,50,9,63,Card,Yes
O00601,C1092,2025-05-23,North,Furniture,Shelf,1144.04,631.73,5,9,37,PayPal,No
O00602,C1039,2025-11-21,North,Office,Paper,804.07,660.13,50,1,51,Bank Transfer,Yes
O00603,C1061,2025-08-01,North,Furniture,Shelf,1635.58,1070.3,20,2,64,Card,No
O00604,C1023,2025-03-13,West,Office,Pen,1363.66,815.91,25,4,44,Card,No
O00605,C1117,2025-09-03,North,Electronics,Phone,1652.59,1531.32,20,9,40,Card,No
O00606,C1019,2025-01-20,West,Electronics,Phone,256.84,131.61,40,9,67,Bank Transfer,No
O00607,C1188,2025-10-08,North,Office,Printer,1513.65,929.43,25,10,64,Bank Transfer,No
O00608,C1016,2025-03-08,South,Electronics,Headphones,1085.31,619.82,25,3,39,PayPal,No
O00609,C1102,2025-03-14,East,Furniture,Desk,291.38,262.82,10,9,46,Card,Yes
O00610,C1012,2025-03-06,South,Office,Printer,566.35,396.05,15,4,30,Card,No
O00611,C1058,2025-01-08,South,Office,Paper,106.61,94.71,5,1,49,Card,No
O00612,C1178,2025-02-25,South,Office,Paper,1720.52,1618.23,40,5,65,Bank Transfer,Yes
O00613,C1099,2025-09-19,South,Electronics,Phone,1624.52,821.16,5,8,33,Cash,Yes
O00614,C1082,2025-01-30,South,Furniture,Shelf,1509.11,1228.55,30,3,63,Card,No
O00615,C1100,2025-09-30,West,Electronics,Laptop,613.34,432.9,5,10,49,Cash,No
O00616,C1182,2025-11-08,South,Furniture,Shelf,1212.68,540.2,5,2,28,PayPal,No
O00617,C1136,2025-12-21,East,Electronics,Laptop,1931.06,1058.33,20,4,61,Bank Transfer,No
O00618,C1063,2025-02-01,South,Electronics,Phone,376.14,267.98,40,9,73,Card,No
O00619,C1152,2025-01-13,South,Office,Pen,237.2,217.77,15,9,25,Card,No
O00620,C1131,2025-09-15,East,Office,Pen,-1425.11,925.01,30,8,41,Card,Yes
O00621,C1093,2025-08-10,East,Furniture,Desk,1358.4,1125.42,5,6,18,Bank Transfer,Yes
O00622,C1015,2025-03-13,East,Furniture,Chair,1264.03,790.99,30,10,52,PayPal,No
O00623,C1119,2025-04-06,North,Electronics,Laptop,1723.55,1597.66,10,3,42,Card,Yes
O00624,C1015,2025-12-11,North,Office,Paper,247.8,126.68,25,1,34,Card,Yes
O00625,C1021,2025-12-02,South,Electronics,Headphones,338.23,316.82,15,9,70,Bank Transfer,No
O00626,C1171,2025-02-20,East,Office,Paper,239.65,147.79,5,2,50,Cash,No
O00627,C1104,2025-05-02,South,Electronics,Laptop,1249.87,642.16,0,2,58,Card,No
O00628,C1134,2025-02-02,East,Office,Paper,1344.65,724.41,50,9,20,Card,No
O00629,C1110,2025-04-16,North,Furniture,Chair,325.78,229.26,25,1,56,Card,No
O00630,C1087,2025-08-01,East,Furniture,Chair,1974.99,1823.25,40,5,34,Cash,Yes
O00631,C1200,2025-03-06,East,Office,Paper,1370.18,847.48,5,1,41,PayPal,No
O00632,C1125,2025-11-19,North,Furniture,Shelf,1887.56,1570.73,20,6,42,Card,No
O00633,C1121,2025-05-23,North,Electronics,Laptop,245.34,174.35,0,3,19,Cash,No
O00634,C1189,2025-03-03,West,Furniture,Chair,189.41,118.41,40,5,30,Bank Transfer,No
O00635,C1144,2025-05-27,West,Electronics,Headphones,21.9,9.01,40,9,72,PayPal,Yes
O00636,C1055,07/09/2025,South,Electronics,Laptop,1047.68,546.92,10,1,21,PayPal,No
O00637,C1102,2025-05-05,East,Electronics,Laptop,138.43,65.24,0,5,65,Bank Transfer,No
O00638,C1116,2025-03-27,South,Furniture,Chair,1805.83,1047.7,20,1,47,Bank Transfer,Yes
O00639,C1100,2025-11-26,East,Electronics,Laptop,1402.86,887.16,40,7,59,Bank Transfer,No
O00640,C1128,2025-07-24,North,Furniture,Shelf,796.1,417.25,15,3,32,PayPal,Yes
O00641,C1094,2025-01-29,West,Office,Printer,1634.48,660.15,25,9,39,PayPal,No
O00642,C1021,2025-03-27,East,Office,Paper,874.74,472.95,40,10,25,Card,Yes
O00643,C1064,2025-06-17,North,Furniture,Shelf,1427.99,764.89,30,4,40,Card,No
O00644,C1041,2025-10-01,North,Furniture,Shelf,73.53,35.15,25,8,58,Card,No
O00645,C1046,2025-08-29,West,Electronics,Laptop,1363.74,985.92,30,5,27,Cash,Yes
O00646,C1069,2025-04-14,East,Furniture,Chair,72.92,57.23,10,10,43,Bank Transfer,Yes
O00647,C1087,2025-09-01,East,Office,Pen,333.15,207.28,25,7,69,PayPal,Yes
O00648,C1039,2025-09-06,South,Office,Printer,1299.86,795.53,30,2,37,Bank Transfer,Yes
O00649,C1114,2025-05-10,North,Office,Paper,85.64,53.93,20,7,45,Bank Transfer,Yes
O00650,C1029,2025-04-26,North,Furniture,Chair,911.45,693.14,30,4,66,PayPal,Yes
O00651,C1196,2025-10-21,South,Office,Paper,826.19,756.62,0,10,23,PayPal,No
O00652,C1113,2025-06-01,South,Electronics,Laptop,1865.42,1095.2,15,4,37,Bank Transfer,No
O00653,C1085,2025-12-26,South,Electronics,Laptop,488.33,200.76,10,10,48,Card,No
O00654,C1135,2025-05-06,North,Electronics,Phone,1973.03,1444.12,15,4,35,Bank Transfer,No
O00655,C1150,2025-04-08,West,Furniture,Desk,1371.08,872,0,6,45,Bank Transfer,Yes
O00656,C1153,2025-03-03,West,Electronics,Laptop,1110.94,693.42,25,3,72,PayPal,No
O00657,C1144,2025-09-29,East,Office,Printer,440.7,207.48,20,1,32,Bank Transfer,Yes
O00658,C1143,2025-12-05,East,Electronics,Headphones,1169.95,881.15,25,1,20,Bank Transfer,No
O00659,C1132,2025-08-03,West,Office,Pen,1373.14,563.42,10,9,42,Cash,Yes
O00660,C1027,2025-08-10,South,Furniture,Shelf,-123.49,72.64,20,9,44,PayPal,No
O00661,C1069,2025-06-13,North,Furniture,Shelf,492.34,281.08,5,5,19,Bank Transfer,Yes
O00662,C1009,2025-05-18,North,Electronics,Phone,1386.43,1062.66,10,7,41,Bank Transfer,Yes
O00663,C1008,2025-01-11,South,Furniture,Chair,1406.77,1173.73,25,8,21,Cash,Yes
O00664,C1185,2025-06-08,North,Electronics,Headphones,1580.28,902.8,30,8,28,Card,Yes
O00665,C1075,2025-07-13,East,Electronics,Laptop,428.24,223.47,20,6,63,Bank Transfer,No
O00666,C1149,2025-06-01,West,Office,Printer,1099.16,875.27,30,3,62,PayPal,No
O00667,C1084,2025-01-20,South,Furniture,Chair,871.05,779.75,50,1,42,Card,Yes
O00668,C1134,2025-04-04,East,Electronics,Laptop,1650.38,1020.33,10,8,52,Card,No
O00669,C1195,2025-12-08,South,Office,Printer,282.79,154.67,10,1,45,Bank Transfer,Yes
O00670,C1057,2025-11-14,East,Electronics,Phone,610.39,274.74,30,9,65,Bank Transfer,Yes
O00671,C1097,2025-08-04,South,Electronics,Laptop,1878.01,1626.26,10,9,34,Bank Transfer,Yes
O00672,C1017,2025-10-29,East,Electronics,Phone,202.83,161.2,15,1,67,PayPal,Yes
O00673,C1042,2025-05-14,East,Office,Pen,806.89,593.84,30,3,35,Card,Yes
O00674,C1052,2025-03-20,North,Furniture,Desk,272.32,255.21,40,2,59,Cash,No
O00675,C1108,2025-03-18,East,Electronics,Headphones,1702.54,1357.43,20,3,31,Cash,No
O00676,C1060,2025-03-22,South,Office,Printer,420.16,396.99,30,9,52,Card,Yes
O00677,C1148,2025-06-22,North,Office,Paper,646.25,322.44,10,7,66,Cash,No
O00678,C1174,2025-06-19,South,Electronics,,815.42,457.65,5,3,64,PayPal,No
O00679,C1194,2025-06-07,East,Office,Paper,603.68,288.74,30,6,23,PayPal,Yes
O00680,C1190,2025-12-17,East,Furniture,,1298.47,1016.2,30,2,48,PayPal,No
O00681,C1032,2025-04-19,East,Electronics,Headphones,-1928.42,1277.36,20,6,26,Card,No
O00682,C1006,2025-08-15,East,Furniture,Shelf,1501.24,824.98,30,9,23,Card,No
O00683,C1144,2025-08-05,East,Office,Paper,1355.03,1035.97,0,9,32,Card,Yes
O00684,C1067,2025-11-05,West,Office,Printer,1598.53,990.31,40,4,52,PayPal,Yes
O00685,C1100,2025-10-10,West,Furniture,Shelf,1675.57,951.81,20,2,25,Bank Transfer,Yes
O00686,C1078,2025-08-08,South,Furniture,Shelf,973.21,541,5,1,70,Bank Transfer,No
O00687,C1174,2025-03-17,South,Furniture,Chair,558.03,474.87,0,4,39,Bank Transfer,No
O00688,C1068,2025-03-27,South,Office,Pen,493.64,370.52,5,10,68,Bank Transfer,Yes
O00689,C1191,2025-11-27,South,Electronics,Laptop,1129.54,854.77,15,8,71,PayPal,No
O00690,C1189,2025-08-19,East,Office,Printer,192.55,100.58,20,5,35,PayPal,No
O00691,C1071,2025-09-27,East,Office,Paper,282.27,223.66,0,3,49,PayPal,Yes
O00692,C1011,2025-08-25,East,Electronics,Phone,500.48,309.37,40,1,31,PayPal,Yes
O00693,C1079,2025-08-27,South,Electronics,Phone,640.34,309.59,5,9,58,PayPal,Yes
O00694,C1015,2025-12-15,East,Electronics,Laptop,1241.83,577.32,25,5,35,PayPal,No
O00695,C1155,2025-04-30,East,Electronics,Headphones,-1160.99,493.48,10,2,73,Card,Yes
O00696,C1029,2025-08-02,West,Furniture,Chair,1504.04,867.43,40,9,44,Bank Transfer,Yes
O00697,C1157,2025-01-05,West,Office,Pen,704.92,499.68,30,6,36,Bank Transfer,No
O00698,C1193,2025-10-05,West,Electronics,Phone,1095.41,592.19,5,6,29,PayPal,No
O00699,C1088,2025-09-01,East,Furniture,Desk,1089.47,548.71,40,8,46,PayPal,Yes
O00700,C1111,2025-08-16,West,Electronics,Phone,1163.05,1087.09,5,9,39,Bank Transfer,No
O00701,C1036,2025-02-01,North,Office,Paper,-1747.34,1514.93,0,10,30,Card,No
O00702,C1070,2025-04-27,West,Office,Pen,544.4,223.47,25,9,18,Card,Yes
O00703,C1152,2025-03-26,North,Furniture,Desk,1576.68,878.72,40,6,36,PayPal,Yes
O00704,C1124,2025-01-15,South,Furniture,Chair,355.37,243.03,50,8,27,Cash,No
O00705,C1048,2025-02-23,West,Furniture,Chair,249.53,109.67,20,10,20,Card,No
O00706,C1093,2025-04-16,East,Office,Printer,1082.4,792.09,5,6,18,PayPal,No
O00707,C1107,2025-01-24,North,Electronics,Phone,1687.23,1488.39,5,5,57,Bank Transfer,No
O00708,C1006,2025-07-25,North,Electronics,Phone,210.34,88.38,15,10,51,Cash,Yes
O00709,C1168,2025-05-07,North,Office,Pen,685.48,391.82,25,4,45,PayPal,No
O00710,C1117,2025-12-13,West,Office,Paper,673.21,385.8,20,1,54,Bank Transfer,No
O00711,C1138,2025-10-31,North,Office,Pen,1068.62,493.41,30,5,42,Card,Yes
O00712,C1026,2025-03-13,West,Electronics,Phone,1107.72,995.74,5,4,31,Bank Transfer,No
O00713,C1077,2025-11-24,South,Electronics,Headphones,1540.75,1346.12,5,6,48,Bank Transfer,No
O00714,C1056,2025-02-27,South,Electronics,Laptop,249.21,179.42,25,6,52,Card,No
O00715,C1181,2025-01-05,North,Electronics,Phone,1373.67,734.27,40,3,30,Card,No
O00716,C1166,2025-05-04,East,Office,Paper,1949.18,1676.99,25,9,73,Bank Transfer,Yes
O00717,C1185,2025-07-03,East,Furniture,Shelf,1764.22,1449.01,10,2,38,Bank Transfer,Yes
O00718,C1082,2025-01-23,South,Office,Paper,50.83,47.83,40,7,26,PayPal,No
O00719,C1146,2025-02-14,North,Furniture,Shelf,1650.33,1450.62,30,6,69,Cash,Yes
O00720,C1164,2025-07-15,East,Electronics,Headphones,826.56,400.15,30,2,52,Card,No
O00721,C1034,2025-07-31,East,Furniture,Desk,297.26,242.37,5,1,72,Card,No
O00722,C1029,2025-08-28,South,Office,Printer,1295.75,1043.53,10,4,55,Bank Transfer,Yes
O00723,C1033,2025-07-11,West,Furniture,Desk,843.59,586.79,25,8,42,Bank Transfer,No
O00724,C1184,2025-12-30,South,Office,Printer,1766.15,950.57,25,2,41,PayPal,No
O00725,C1120,2025-07-28,South,Office,Paper,771.78,589.84,40,8,64,Card,No
O00726,C1117,2025-10-02,North,Electronics,Phone,1261.79,996.07,20,2,46,PayPal,No
O00727,C1155,2025-07-18,East,Furniture,,252.85,217.5,50,2,47,Card,Yes
O00728,C1014,2025-05-17,North,Furniture,Desk,1259.03,1094.46,30,2,59,PayPal,Yes
O00729,C1143,2025-11-19,East,Furniture,Desk,183.75,146.65,10,7,74,Bank Transfer,Yes
O00730,C1162,2025-06-26,South,Furniture,Chair,1350.16,559.66,20,5,66,Cash,No
O00731,C1174,2025-06-23,North,Office,Paper,875.67,567.05,5,5,51,Bank Transfer,No
O00732,C1054,2025-01-22,South,Furniture,Shelf,1374.46,785.01,40,7,48,Card,Yes
O00733,C1005,2025-12-20,West,Furniture,Shelf,1546.6,1099.54,5,8,62,Card,No
O00734,C1126,2025-12-18,West,Furniture,Shelf,511.03,412.25,10,6,20,Cash,Yes
O00735,C1054,2025-08-21,South,Electronics,Phone,309.72,230.16,0,6,48,Cash,Yes
O00736,C1196,2025-12-16,East,Electronics,Phone,1594.24,1464.1,50,7,54,Card,Yes
O00737,C1168,2025-11-20,East,Furniture,Shelf,873.74,670.99,20,10,67,Card,No
O00738,C1001,2025-09-29,South,Office,Pen,296.22,146.28,5,10,61,Bank Transfer,Yes
O00739,C1012,2025-01-08,North,Furniture,Shelf,106.33,64.86,0,1,42,PayPal,No
O00740,C1146,2025-08-15,North,Electronics,Headphones,1607.46,883.77,25,10,53,PayPal,No
O00741,C1141,2025-08-21,North,Electronics,Headphones,195.97,145.61,5,10,52,Card,Yes
O00742,C1085,2025-10-20,West,Furniture,Shelf,1732.79,720.52,40,1,23,Bank Transfer,No
O00743,C1080,2025-01-16,South,Office,Printer,-1695.43,1531.92,50,10,67,PayPal,Yes
O00744,C1124,2025-07-10,South,Furniture,Chair,1202.01,693.66,20,7,30,Card,Yes
O00745,C1017,03/06/2025,West,Electronics,Phone,929.39,611.31,5,9,20,Card,Yes
O00746,C1144,2025-10-05,South,Furniture,Shelf,461.83,186.74,15,6,45,Cash,Yes
O00747,C1060,2025-05-31,North,Electronics,Headphones,253.73,131.73,25,5,52,Card,Yes
O00748,C1009,2025-01-21,South,Furniture,Chair,1546.08,1332.83,30,10,68,Card,Yes
O00749,C1048,2025-09-13,South,Office,Paper,1328.71,1091.78,30,7,66,Cash,No
O00750,C1119,2025-07-16,South,Furniture,Shelf,1108.29,469.3,50,8,23,PayPal,Yes
O00751,C1179,2025-07-24,North,Electronics,Phone,58.59,34.97,15,7,74,Cash,Yes
O00752,C1150,2025-05-02,East,Electronics,Headphones,1365.22,1247.98,40,2,19,Bank Transfer,No
O00753,C1071,2025-02-14,West,Office,Pen,1806.94,738.61,10,3,67,PayPal,Yes
O00754,C1157,2025-07-04,South,Electronics,Headphones,331.57,167.92,10,1,19,Card,Yes
O00755,C1130,2025-12-31,South,Office,Paper,964.49,564.62,15,5,58,Cash,No
O00756,C1099,2025-03-03,South,Furniture,Desk,1988.05,1445.16,40,3,18,PayPal,No
O00757,C1006,2025-08-17,North,Furniture,Shelf,660.14,435.12,30,10,30,Card,No
O00758,C1036,03/12/2025,North,Furniture,Chair,1104.75,990.29,40,5,34,PayPal,No
O00759,C1177,2025-08-21,East,Electronics,Laptop,138.7,121.38,10,1,71,Cash,Yes
O00760,C1043,2025-04-17,South,Office,Pen,183.86,152.09,10,2,59,Card,No
O00761,C1141,2025-02-25,West,Furniture,Desk,1048.21,867.29,30,6,34,Card,Yes
O00762,C1023,2025-10-26,East,Furniture,Desk,1976.19,837.89,30,8,38,PayPal,No
O00763,C1168,2025-05-17,West,Electronics,Headphones,836.53,513.26,0,7,38,Cash,Yes
O00764,C1060,2025-01-18,West,Office,Pen,-84.62,62.85,20,8,66,Bank Transfer,No
O00765,C1184,2025-01-06,West,Furniture,Shelf,1990.15,1445.36,50,9,73,Card,No
O00766,C1018,2025-04-25,West,Electronics,Laptop,-1465.86,1212.7,20,8,150,Card,No
O00767,C1068,2025-10-25,South,Electronics,Headphones,231.17,164.06,10,1,60,PayPal,Yes
O00768,C1034,2025-12-12,South,Furniture,Desk,1908.8,842.63,10,2,68,Card,No
O00769,C1033,2025-05-13,South,Office,Pen,59.12,53.42,10,2,69,Cash,Yes
O00770,C1146,2025-06-15,East,Office,Pen,1401.74,909.71,40,3,70,PayPal,Yes
O00771,C1008,2025-11-02,North,Furniture,Chair,1543.55,732.03,25,3,150,Bank Transfer,Yes
O00772,C1057,2025-04-23,West,Electronics,Headphones,1418.02,1309.1,0,10,37,Bank Transfer,Yes
O00773,C1074,2025-01-03,West,Electronics,Laptop,36.47,16.87,50,8,73,Bank Transfer,Yes
O00774,C1200,2025-02-07,West,Office,Printer,572.26,542.18,50,6,41,PayPal,Yes
O00775,C1164,2025-07-27,West,Office,Paper,740.16,445.17,10,1,27,Card,No
O00776,C1052,2025-05-26,East,Furniture,Desk,878.78,798.24,20,5,34,PayPal,No
O00777,C1012,2025-07-18,South,Office,Pen,113.28,82.26,40,1,42,PayPal,Yes
O00778,C1173,2025-04-03,East,Office,Paper,838.44,391.94,5,8,53,Bank Transfer,No
O00779,C1070,2025-03-10,West,Electronics,Laptop,1112.53,880.91,25,8,35,PayPal,Yes
O00780,C1133,2025-06-07,South,Electronics,Phone,725.76,445.58,20,10,38,Bank Transfer,Yes
O00781,C1053,2025-09-10,West,Office,Printer,930.62,612.55,0,6,39,Card,Yes
O00782,C1015,2025-01-22,North,Furniture,Desk,1921.59,1143.87,10,6,19,Bank Transfer,Yes
O00783,C1070,2025-01-17,East,Office,Paper,1856.84,1242.21,30,10,36,Cash,Yes
O00784,C1195,2025-05-30,North,Furniture,Shelf,572.02,522.6,10,6,60,Bank Transfer,No
O00785,C1110,2025-11-30,West,Furniture,Shelf,1766.32,929.45,30,7,23,Bank Transfer,Yes
O00786,C1131,2025-02-16,East,Office,Pen,1070.16,573.86,10,3,18,Card,No
O00787,C1045,2025-04-14,East,Furniture,Shelf,926.55,596.21,30,5,59,PayPal,Yes
O00788,C1191,2025-08-13,West,Office,Paper,1684.96,746.12,50,4,31,Card,No
O00789,C1135,2025-01-22,West,Furniture,Shelf,587.6,522.27,10,3,66,PayPal,Yes
O00790,C1029,2025-08-16,West,Furniture,Desk,1235.2,537.46,25,5,71,PayPal,No
O00791,C1045,2025-07-11,North,Furniture,Shelf,1966.37,1151.08,25,3,47,PayPal,No
O00792,C1071,2025-11-12,South,Furniture,Desk,330.36,191.02,20,1,48,Cash,Yes
O00793,C1098,2025-02-07,North,Furniture,Chair,552.54,420.92,15,2,62,Cash,Yes
O00794,C1070,2025-06-03,West,Electronics,Laptop,516.71,250.53,50,9,53,PayPal,No
O00795,C1168,2025-04-01,South,Furniture,Desk,300.98,193.78,10,1,25,Bank Transfer,No
O00796,C1016,2025-10-22,East,Electronics,Phone,330.82,271.57,30,3,48,Card,Yes
O00797,C1112,2025-01-08,South,Furniture,Shelf,323.72,280.08,25,4,65,Bank Transfer,No
O00798,C1134,2025-06-15,North,Office,Pen,1090.66,615.54,20,6,29,Bank Transfer,Yes
O00799,C1193,2025-05-08,South,Office,Printer,1136.12,760.58,15,5,70,PayPal,No
O00800,C1164,2025-04-08,North,Furniture,Desk,1736.51,1000.85,0,10,35,Cash,No
O00801,C1152,2025-03-06,South,Electronics,Laptop,1748.12,779.99,20,8,36,Card,No
O00802,C1112,2025-06-01,North,Electronics,Phone,1557.62,725.98,30,6,24,PayPal,Yes
O00803,C1121,2025-05-16,North,Office,Printer,1757.64,1313.4,50,7,26,Cash,Yes
O00804,C1087,2025-01-28,West,Furniture,Desk,1464.22,1061.11,25,4,67,Cash,No
O00805,C1184,2025-03-27,North,Electronics,Laptop,970.15,651.33,30,1,57,Cash,No
O00806,C1082,2025-04-14,North,Furniture,Desk,827.88,642.3,5,6,46,Cash,No
O00807,C1016,2025-04-23,West,Office,Pen,467.27,257.21,20,5,57,Cash,No
O00808,C1144,2025-07-04,West,Furniture,Chair,279.38,258.45,0,10,42,Bank Transfer,No
O00809,C1099,2025-06-08,South,Furniture,Chair,774.39,431.33,15,1,31,Cash,No
O00810,C1059,2025-12-22,North,Office,Paper,735.79,339.52,5,1,43,Card,No
O00811,C1103,2025-12-09,South,Office,Paper,323.73,207.33,25,3,69,Cash,Yes
O00812,C1019,2025-01-17,South,Electronics,Laptop,1756.24,960.74,20,4,36,Card,No
O00813,C1055,2025-09-08,South,Electronics,Phone,1794.97,1322.97,10,4,30,Card,No
O00814,C1150,2025-10-14,West,Electronics,Phone,1632.89,1350.77,15,2,51,Bank Transfer,No
O00815,C1027,2025-10-16,West,Furniture,Desk,1614.28,1343.84,5,2,42,Bank Transfer,Yes
O00816,C1120,2025-07-18,South,Office,Printer,1460.26,885.32,5,3,18,Card,No
O00817,C1198,2025-06-02,East,Electronics,Laptop,42.97,33.4,10,2,47,Card,No
O00818,C1095,2025-11-11,North,Furniture,Shelf,1118.5,582.28,25,9,22,Card,No
O00819,C1170,2025-02-27,North,Office,Pen,328.65,145.52,5,5,28,Card,Yes
O00820,C1166,2025-11-01,North,Furniture,Chair,1247.47,622.1,0,7,39,Cash,No
O00821,C1098,2025-11-03,East,Office,Printer,122.94,75.72,25,2,65,Cash,No
O00822,C1151,2025-02-10,West,Furniture,Chair,548.29,388.38,15,6,39,Bank Transfer,Yes
O00823,C1123,2025-05-09,South,Office,Printer,901.85,833.56,20,4,150,Card,No
O00824,C1080,2025-05-31,West,Electronics,Phone,795.6,541.76,10,4,48,Bank Transfer,Yes
O00825,C1081,2025-06-12,East,Electronics,Phone,594.34,244.61,25,6,42,Bank Transfer,No
O00826,C1188,2025-04-10,East,Office,Paper,606.61,328.51,5,2,64,Bank Transfer,No
O00827,C1104,2025-01-05,North,Electronics,Laptop,1852.14,1758.71,25,1,18,Cash,No
O00828,C1191,2025-09-18,West,Office,Paper,958.4,654.54,25,9,65,Cash,No
O00829,C1029,2025-12-08,North,Electronics,Phone,118.1,57.32,0,1,68,Card,Yes
O00830,C1067,2025-07-25,South,Office,Paper,602.19,434.05,5,1,58,PayPal,Yes
O00831,C1139,2025-11-25,South,Electronics,Headphones,1484.53,1068.38,15,5,18,Bank Transfer,No
O00832,C1127,2025-01-18,East,Office,Paper,1258.44,668,0,5,41,PayPal,No
O00833,C1043,2025-10-04,North,Furniture,Chair,853.92,506.21,0,7,71,Cash,Yes
O00834,C1184,2025-02-19,East,Office,Paper,613.69,495.36,0,2,59,Bank Transfer,No
O00835,C1139,2025-02-23,South,Office,Printer,609.37,539.18,50,10,67,PayPal,Yes
O00836,C1106,2025-06-14,North,Electronics,Headphones,513.64,346.39,30,7,67,Bank Transfer,No
O00837,C1138,2025-05-30,South,Office,Pen,768.09,436.29,25,5,56,Bank Transfer,No
O00838,C1045,2025-06-26,North,Furniture,Shelf,1127.72,922.85,25,7,53,PayPal,No
O00839,C1107,2025-01-11,West,Electronics,Laptop,812.37,624.2,25,5,20,Bank Transfer,Yes
O00840,C1156,2025-01-12,South,Office,,998.71,583.82,20,3,24,Cash,No
O00841,C1130,13/06/2025,North,Furniture,Desk,1079.54,654.82,15,1,19,Cash,No
O00842,C1132,2025-05-02,South,Office,Printer,1723.69,960.04,50,2,26,Cash,Yes
O00843,C1075,2025-02-27,South,Office,Paper,1856.62,774.27,15,7,34,PayPal,No
O00844,C1066,2025-06-21,South,Electronics,Headphones,1533.13,1327.68,5,8,70,Bank Transfer,Yes
O00845,C1123,2025-10-05,West,Furniture,Shelf,935.86,484.9,0,8,27,PayPal,Yes
O00846,C1079,2025-01-01,West,Electronics,Laptop,229.47,196.57,10,6,71,Card,No
O00847,C1177,2025-04-02,West,Office,Paper,1037.05,602.27,40,2,31,Cash,Yes
O00848,C1015,2025-03-15,South,Electronics,Phone,431.49,226.9,50,3,41,PayPal,No
O00849,C1186,2025-10-05,East,Furniture,Desk,268.06,142.26,5,10,51,Bank Transfer,Yes
O00850,C1020,2025-08-25,North,Electronics,Headphones,-986.1,801.2,0,5,74,PayPal,No
O00851,C1053,2025-04-08,North,Office,Paper,1274.42,1042.78,5,7,28,Card,Yes
O00852,C1175,2025-01-19,South,Electronics,Headphones,1710.83,1555.87,50,8,26,Card,Yes
O00853,C1121,2025-07-10,North,Office,Paper,1563.32,720.56,15,4,62,PayPal,No
O00854,C1079,2025-11-21,South,Furniture,Desk,202.73,93.88,25,9,28,Card,Yes
O00855,C1098,2025-12-29,East,Office,Pen,1598.5,1374.05,5,2,45,PayPal,No
O00856,C1157,2025-05-14,North,Electronics,Laptop,1908.23,1414.04,40,10,21,Bank Transfer,Yes
O00857,C1113,2025-04-05,South,Electronics,Phone,538.3,288.05,0,7,54,PayPal,Yes
O00858,C1024,2025-09-08,North,Office,Paper,1210.32,598.96,20,9,38,Bank Transfer,Yes
O00859,C1166,2025-08-20,North,Furniture,Shelf,286.25,254.94,15,5,37,Card,No
O00860,C1143,2025-01-10,South,Electronics,Phone,354.61,183.02,50,8,64,Card,Yes
O00861,C1088,2025-08-18,East,Electronics,Phone,1553.33,1311.12,0,10,73,Cash,Yes
O00862,C1107,2025-01-25,North,Electronics,Phone,801.14,644.11,30,10,57,PayPal,No
O00863,C1021,2025-04-05,East,Office,Printer,140.02,122.75,0,9,39,Card,Yes
O00864,C1159,2025-10-15,North,Office,Paper,761.97,500.47,25,9,150,Card,Yes
O00865,C1020,2025-10-14,West,Electronics,Headphones,911.56,720.83,30,2,23,Cash,No
O00866,C1199,2025-01-26,South,Office,Printer,1177.82,484.65,50,7,75,Bank Transfer,No
O00867,C1098,2025-05-16,South,Furniture,Desk,447.21,400.99,50,7,32,Cash,No
O00868,C1117,2025-07-22,West,Electronics,Laptop,637.9,359.79,50,3,43,Card,Yes
O00869,C1121,2025-05-08,East,Furniture,Shelf,1873.01,1312.96,30,8,33,Cash,Yes
O00870,C1077,05/06/2025,West,Electronics,Headphones,1433.42,1043.31,10,2,73,Card,No
O00871,C1089,2025-10-22,East,Furniture,Shelf,1903.64,1207.56,0,7,49,Cash,Yes
O00872,C1027,2025-04-06,West,Office,Paper,1567.36,1242.21,30,9,52,Cash,Yes
O00873,C1095,2025-02-06,West,Electronics,Headphones,1857.38,1323.15,15,6,22,Card,No
O00874,C1118,2025-04-12,West,Furniture,Chair,664.98,310.09,25,4,22,Bank Transfer,Yes
O00875,C1174,2025-10-06,West,Electronics,Headphones,479.06,313.4,50,8,49,Cash,Yes
O00876,C1062,2025-10-10,East,Electronics,Headphones,1476.94,1155.2,25,10,22,Bank Transfer,Yes
O00877,C1191,2025-03-17,North,Office,Printer,118.42,76.14,15,7,67,Bank Transfer,Yes
O00878,C1047,2025-02-11,South,Furniture,Shelf,28.96,20.49,20,10,21,Bank Transfer,Yes
O00879,C1159,2025-06-21,North,Electronics,Phone,1341.46,1032.41,20,1,53,Card,Yes
O00880,C1004,2025-04-18,West,Furniture,Shelf,1430.48,1354.02,30,6,26,PayPal,No
O00881,C1034,2025-06-17,East,Office,Pen,763.55,619.81,5,7,66,Bank Transfer,Yes
O00882,C1189,15/07/2025,North,Electronics,Headphones,1217.54,634.91,5,6,61,Cash,No
O00883,C1131,2025-01-26,East,Office,Printer,1527.98,1220.2,15,10,31,Cash,No
O00884,C1147,2025-07-08,East,Furniture,Chair,102.34,84.05,15,8,59,Bank Transfer,Yes
O00885,C1156,2025-09-23,South,Office,Paper,1013.76,676.52,0,7,69,Bank Transfer,Yes
O00886,C1192,2025-06-19,East,Furniture,Desk,864.58,558.54,40,5,53,Cash,No
O00887,C1069,2025-10-03,South,Office,Paper,566.29,425.25,50,9,38,Cash,No
O00888,C1107,2025-05-30,West,Electronics,Laptop,1687.73,1522.17,0,10,73,Bank Transfer,Yes
O00889,C1116,2025-10-12,West,Electronics,Headphones,190.55,149.68,25,5,31,Bank Transfer,No
O00890,C1101,2025-03-24,West,Electronics,,1532.36,759.03,5,8,38,PayPal,No
O00891,C1002,2025-03-23,South,Furniture,Desk,849.58,377,20,3,40,Cash,Yes
O00892,C1164,2025-04-07,South,Furniture,Shelf,1962.24,1057.19,0,3,69,Card,Yes
O00893,C1139,2025-04-06,East,Furniture,Chair,47.59,42.33,0,5,42,Cash,Yes
O00894,C1012,2025-08-22,West,Furniture,Desk,1886.81,1621.07,5,5,21,PayPal,Yes
O00895,C1191,2025-01-22,North,Electronics,Phone,1318.81,581.65,10,6,54,Cash,Yes
O00896,C1013,2025-08-07,East,Office,Pen,1644.99,978.49,15,2,70,Cash,Yes
O00897,C1146,2025-11-10,East,Electronics,Laptop,385.67,221.56,40,6,20,Card,Yes
O00898,C1113,2025-04-11,East,Furniture,Shelf,478.63,396.1,40,9,41,Cash,Yes
O00899,C1065,2025-12-24,East,Office,Printer,1650.96,1216.34,40,8,60,PayPal,Yes
O00900,C1147,12/08/2025,South,Electronics,Headphones,1889.71,1512.92,15,9,22,PayPal,Yes
O00901,C1055,2025-10-18,North,Furniture,Chair,1775.37,849.85,0,8,37,Cash,No
O00902,C1191,2025-02-27,West,Furniture,Shelf,1204.58,836.05,10,5,35,Cash,Yes
O00903,C1194,2025-12-26,West,Office,Printer,874.16,602.64,0,9,71,PayPal,Yes
O00904,C1059,2025-07-21,North,Office,Pen,1522.99,1353.96,30,9,35,Card,No
O00905,C1062,2025-08-08,West,Electronics,Headphones,1929.98,1600.76,20,7,59,Bank Transfer,No
O00906,C1169,2025-06-06,North,Office,Paper,577.65,294.68,25,7,23,Card,Yes
O00907,C1188,2025-03-10,East,Office,Pen,204.49,158.67,50,7,65,PayPal,No
O00908,C1128,2025-05-31,North,Furniture,Shelf,-1143.42,899.75,40,6,62,PayPal,Yes
O00909,C1121,2025-09-12,North,Furniture,Chair,1428.2,958.25,25,4,61,Cash,No
O00910,C1116,2025-07-13,North,Electronics,Laptop,1506.5,1183.18,5,1,42,Bank Transfer,No
O00911,C1113,2025-02-08,East,Office,Paper,1896.45,1752.2,20,2,28,Bank Transfer,Yes
O00912,C1145,2025-05-24,South,Office,Pen,665.01,591.05,5,5,30,Card,Yes
O00913,C1144,2025-10-12,South,Office,Pen,182.84,151.03,5,8,67,Bank Transfer,No
O00914,C1022,2025-12-08,West,Electronics,Laptop,983.47,423.96,15,6,51,Bank Transfer,Yes
O00915,C1122,2025-06-16,East,Office,Paper,993.54,646.48,20,6,46,Cash,No
O00916,C1097,2025-04-16,East,Furniture,Desk,1854.36,1647.79,10,6,40,Card,Yes
O00917,C1046,2025-01-29,East,Furniture,Chair,1977.76,1383.74,0,8,73,Card,No
O00918,C1159,2025-05-26,South,Office,Paper,1277.64,661.5,50,8,65,PayPal,No
O00919,C1068,2025-09-29,West,Office,Pen,250.91,111.56,30,6,34,Bank Transfer,Yes
O00920,C1144,2025-05-22,West,Office,Printer,793.78,739.23,30,8,62,Card,No
O00921,C1067,2025-10-01,North,Electronics,Laptop,573.19,526,0,8,51,PayPal,Yes
O00922,C1136,2025-02-23,West,Electronics,Headphones,1968.11,1034.9,10,9,53,Bank Transfer,No
O00923,C1008,2025-10-17,East,Electronics,Laptop,1509.48,957.76,25,10,50,Cash,No
O00924,C1136,2025-10-15,East,Furniture,Desk,1210.06,671.02,10,8,21,Bank Transfer,No
O00925,C1097,2025-04-30,West,Office,Paper,1304.62,1236.58,0,8,28,Card,No
O00926,C1159,2025-12-06,West,Furniture,,172.21,156.82,5,6,46,Card,Yes
O00927,C1173,2025-07-23,North,Furniture,Chair,972.32,492.36,30,1,72,PayPal,Yes
O00928,C1092,2025-07-06,West,Office,Paper,1914.55,1663.25,50,1,58,Cash,Yes
O00929,C1198,2025-12-19,North,Furniture,Shelf,400.98,165.6,25,3,54,Bank Transfer,No
O00930,C1139,2025-03-19,East,Electronics,Laptop,1555.07,1339.12,0,1,32,PayPal,Yes
O00931,C1003,2025-06-11,South,Furniture,Chair,370.58,216.24,25,3,60,PayPal,Yes
O00932,C1159,2025-10-12,South,Office,Printer,302.67,220.15,5,8,27,Cash,No
O00933,C1096,2025-01-24,North,Office,Printer,1688.29,778.1,30,1,22,Card,No
O00934,C1057,2025-10-16,West,Furniture,Chair,1597.04,736.83,20,4,36,Bank Transfer,Yes
O00935,C1075,2025-12-11,West,Furniture,Desk,22.79,18.14,10,10,23,Card,No
O00936,C1113,2025-05-31,West,Furniture,Shelf,1770.54,1324.71,15,4,45,Bank Transfer,No
O00937,C1144,2025-07-26,North,Electronics,Phone,762.22,637.86,10,2,64,Cash,No
O00938,C1186,2025-08-03,North,Office,Printer,1457.28,813.53,50,5,37,Bank Transfer,No
O00939,C1047,2025-03-26,East,Office,Paper,1299.81,1055.53,30,2,44,Cash,Yes
O00940,C1168,2025-09-16,West,Furniture,Shelf,529.5,287.29,40,5,27,Cash,No
O00941,C1195,2025-09-19,East,Furniture,,497.06,266.89,40,7,31,Bank Transfer,No
O00942,C1148,2025-07-20,West,Office,Paper,212.38,120.53,15,8,47,Cash,Yes
O00943,C1120,2025-08-24,West,Electronics,Headphones,574.22,500.91,0,6,55,Bank Transfer,Yes
O00944,C1080,2025-10-15,South,Office,Paper,362.11,336.21,10,4,51,Card,Yes
O00945,C1067,2025-12-24,South,Electronics,Phone,1827.77,1493.64,50,4,23,Bank Transfer,Yes
O00946,C1063,2025-06-25,West,Office,Paper,1187.21,548.37,50,7,25,Bank Transfer,No
O00947,C1005,2025-08-05,East,Furniture,Shelf,49.77,21.93,5,5,57,Card,Yes
O00948,C1155,2025-01-07,North,Office,Pen,1016.41,827.73,40,5,38,Card,No
O00949,C1053,2025-05-31,West,Furniture,Chair,791.93,438.97,30,7,66,Card,Yes
O00950,C1102,2025-07-04,West,Furniture,Shelf,690.67,511.77,50,6,29,Card,Yes
O00951,C1135,2025-10-29,South,Office,Paper,1667.98,876.93,5,4,67,Cash,No
O00952,C1061,2025-08-21,South,Furniture,Shelf,855.98,697.38,40,6,35,Bank Transfer,No
O00953,C1156,2025-10-23,West,Furniture,Shelf,557.43,307.77,5,5,64,Bank Transfer,Yes
O00954,C1053,2025-12-27,North,Furniture,Shelf,375.84,242.66,25,10,63,PayPal,Yes
O00955,C1045,2025-12-23,West,Electronics,Phone,1516.76,645.45,25,3,42,PayPal,Yes
O00956,C1149,2025-04-02,North,Electronics,,1824.71,1361.14,5,6,18,PayPal,Yes
O00957,C1165,2025-03-02,South,Electronics,Laptop,1137.48,957.25,50,4,71,PayPal,No
O00958,C1085,2025-05-05,North,Office,Paper,959.07,696.12,20,4,53,PayPal,Yes
O00959,C1175,2025-03-02,North,Electronics,Laptop,159.5,87.61,30,5,50,Cash,No
O00960,C1100,2025-04-16,North,Furniture,Chair,1705.72,1588.93,5,5,73,Bank Transfer,No
O00961,C1159,2025-06-23,North,Furniture,Shelf,1637.81,1045.57,40,8,55,Card,Yes
O00962,C1088,2025-12-23,East,Electronics,Headphones,1615.44,857.11,10,7,36,PayPal,No
O00963,C1080,2025-06-10,South,Furniture,Shelf,211.72,107.15,10,9,55,Cash,No
O00964,C1088,2025-06-26,East,Electronics,Headphones,254.81,207.52,25,1,55,PayPal,Yes
O00965,C1138,2025-10-21,South,Furniture,Desk,1083.32,938.35,40,7,67,Cash,No
O00966,C1114,25/01/2025,East,Furniture,Desk,1057.21,823.52,15,4,29,Bank Transfer,No
O00967,C1021,2025-08-26,West,Electronics,Headphones,1382.32,667.56,20,6,36,Cash,No
O00968,C1086,2025-12-23,South,Office,Printer,1774.65,1617.99,50,8,22,Cash,Yes
O00969,C1133,2025-05-13,North,Furniture,Desk,1400.09,759.32,5,1,52,Card,Yes
O00970,C1122,2025-08-13,North,Electronics,Laptop,738.65,356.32,15,8,57,PayPal,Yes
O00971,C1141,2025-03-12,North,Electronics,Headphones,1708.19,744.88,15,1,37,Card,Yes
O00972,C1059,2025-08-08,West,Electronics,Headphones,278.41,241.92,20,3,35,PayPal,Yes
O00973,C1123,19/01/2025,East,Electronics,Phone,1683.07,1470.67,15,6,50,PayPal,Yes
O00974,C1162,2025-09-19,East,Electronics,Laptop,1807.32,1269.75,30,6,36,Cash,No
O00975,C1104,2025-12-17,North,Electronics,Laptop,1085.23,930.32,30,7,57,PayPal,Yes
O00976,C1192,2025-11-03,South,Office,Paper,376.94,254.75,15,8,36,Card,Yes
O00977,C1066,2025-02-15,West,Electronics,Laptop,1163.47,658.35,5,3,42,Card,Yes
O00978,C1051,2025-05-24,North,Furniture,Chair,177.62,82.34,0,2,70,Bank Transfer,No
O00979,C1154,2025-05-21,North,Office,Paper,1093.15,747.75,15,9,53,Cash,No
O00980,C1184,2025-10-28,South,Electronics,Headphones,109.16,49.22,15,9,34,Bank Transfer,No
O00981,C1190,2025-09-23,West,Office,Printer,1668.97,737.59,15,1,30,Cash,Yes
O00982,C1005,2025-03-20,South,Electronics,Headphones,48.5,23.56,40,4,48,Cash,No
O00983,C1141,2025-07-18,West,Electronics,Phone,422.13,278.32,10,9,38,Bank Transfer,No
O00984,C1011,2025-08-06,North,Electronics,Phone,1619.66,1337.29,5,9,48,Card,No
O00985,C1171,2025-02-19,West,Office,Paper,306.93,188.26,25,8,21,Bank Transfer,No
O00986,C1186,2025-09-08,West,Electronics,Laptop,655.96,611.51,40,1,36,Cash,No
O00987,C1199,2025-10-03,East,Office,Pen,947.29,774.21,0,1,45,Bank Transfer,No
O00988,C1097,2025-10-22,North,Electronics,Headphones,816.21,622.02,15,7,64,Card,Yes
O00989,C1171,2025-10-06,North,Electronics,Laptop,1955.94,1836.03,0,7,52,Cash,Yes
O00990,C1074,2025-05-12,South,Electronics,Phone,836.01,550.66,50,7,59,Card,No
O00991,C1076,2025-05-14,South,Office,Printer,803.24,610.86,15,1,60,Cash,No
O00992,C1151,2025-06-19,North,Office,Printer,1638.94,674.18,15,8,33,Bank Transfer,Yes
O00993,C1094,2025-02-10,East,Furniture,Chair,581.36,293.86,25,10,45,PayPal,No
O00994,C1176,2025-07-04,East,Office,Pen,132.71,63.57,15,5,40,Bank Transfer,No
O00995,C1092,2025-07-26,South,Furniture,Shelf,434.62,345.84,30,7,62,PayPal,No
O00996,C1072,2025-06-13,North,Office,Printer,1138.32,632.79,40,1,50,Cash,No
O00997,C1059,2025-03-23,East,Electronics,Headphones,607.83,449.85,20,6,33,PayPal,Yes
O00998,C1135,2025-08-26,North,Electronics,Headphones,1574.46,1093.01,15,4,41,PayPal,No
O00999,C1140,2025-12-11,West,Furniture,Shelf,590.94,278.74,20,8,49,Card,No
O01000,C1007,2025-06-06,East,Office,Printer,412.9,269.27,25,6,56,Bank Transfer,Yes
O00009,C1026,2025-09-29,East,Electronics,Headphones,1391,768.96,5,1,43,Bank Transfer,No
O00010,C1077,2025-03-01,South,Office,Pen,1352.65,1046.06,15,10,67,Cash,No
O00011,C1183,2025-10-19,West,Furniture,Shelf,1901.76,1438.04,25,2,62,Bank Transfer,Yes
O00012,C1178,2025-12-01,East,Electronics,Headphones,368.44,232.3,50,3,67,Cash,No
O00013,C1044,2025-01-01,West,Office,Pen,1684.27,1045.22,15,2,52,Cash,Yes
O00014,C1029,2025-05-27,South,Office,Printer,469.47,396.48,15,5,24,Card,Yes
O00015,C1189,2025-05-28,North,Electronics,,885.08,476.09,10,9,74,Cash,Yes
O00016,C1119,2025-11-03,South,Office,Printer,1424.48,1023.33,10,3,27,Bank Transfer,Yes
O00017,C1095,2025-08-14,East,Electronics,Headphones,672.8,625.29,0,3,72,Cash,No
O00018,C1096,2025-05-05,North,Furniture,Shelf,1522.84,1427.52,25,4,25,Cash,No